X1,X2,X3,X4,X5,Range,Packets Received,
423.65,544.88,548.81,602.76,715.19,50,0
383.44,437.59,645.89,891.77,963.66,50,0
71.04,528.89,568.04,791.73,925.6,50,0
20.22,87.13,778.16,832.62,870.01,50,0
118.27,461.48,780.53,799.16,978.62,50,0
143.35,414.66,521.85,639.92,944.67,50,0
18.79,264.56,456.15,568.43,774.23,50,0
612.1,616.93,617.64,681.82,943.75,50,0
60.23,359.51,437.03,666.77,697.63,50,0
128.93,210.38,315.43,363.71,670.64,50,0
102.04,208.88,438.6,570.2,988.37,50,0
161.31,244.43,253.29,466.31,653.11,50,0
110.38,138.18,158.97,196.58,656.33,50,0
96.1,97.1,368.73,820.99,837.94,50,0
468.65,604.85,739.26,976.46,976.76,50,0
39.19,118.73,120.2,282.81,296.14,50,0
64.15,317.98,414.26,566.6,692.47,50,0
93.94,265.39,523.25,575.95,929.3,50,0
131.8,289.41,318.57,667.41,716.33,50,0
4.7,20.11,183.19,586.51,828.94,50,0
248.75,270.01,677.82,735.19,962.19,50,0
223.08,572.25,576.16,592.04,952.75,50,0
297.44,447.13,699.48,813.8,846.41,50,0
396.51,581.27,692.53,881.1,881.74,50,0
423.86,501.32,643.99,725.25,956.08,50,0
19.19,290.08,301.57,606.39,660.17,50,0
135.47,298.28,428.77,569.96,618.02,50,0
431.42,574.33,590.87,652.1,653.2,50,0
367.56,435.86,806.19,891.92,896.55,50,0
100.23,703.89,714.24,919.48,998.85,50,0
123.82,149.45,162.49,615.56,868.13,50,0
69.17,407.18,569.1,807.32,848.01,50,0
453.54,697.43,722.06,866.38,975.52,50,0
11.71,171.63,359.98,729.99,855.8,50,0
18.52,54.34,200.0,521.04,793.7,50,0
31.84,223.92,345.35,704.41,928.08,50,0
164.69,237.89,577.23,621.48,934.21,50,0
311.94,535.63,589.91,613.97,730.12,50,0
186.19,209.84,398.22,739.55,944.37,50,0
58.03,227.41,254.36,434.42,490.46,50,0
24.68,179.6,311.8,377.75,696.34,50,0
67.25,453.7,536.58,679.39,896.67,50,0
20.65,216.9,263.32,663.08,990.34,50,0
320.02,383.46,588.32,758.38,831.05,50,0
185.64,273.54,628.98,798.05,872.65,50,0
215.51,687.49,730.86,947.37,952.79,50,0
25.66,207.47,213.31,253.94,518.2,50,0
277.63,374.17,424.69,463.58,586.78,50,0
117.53,132.07,517.38,716.86,863.86,50,0
144.85,183.28,396.06,488.06,565.42,50,0
355.61,748.66,765.33,903.72,940.43,50,0
83.42,292.15,552.19,584.48,961.94,50,0
16.43,100.29,240.83,669.92,929.53,50,0
63.96,281.73,485.63,586.41,785.15,50,0
231.7,338.16,876.51,961.57,977.5,50,0
630.45,799.2,874.29,941.38,949.32,50,0
13.24,293.02,347.23,617.88,848.94,50,0
148.14,478.37,497.39,639.47,981.83,50,0
136.9,189.85,368.58,511.32,822.12,50,0
97.84,224.32,862.19,960.83,972.92,50,0
81.1,333.15,407.24,774.05,906.56,50,0
11.43,53.43,132.49,232.23,725.59,50,0
79.52,89.6,146.95,672.05,770.58,50,0
245.37,420.54,557.37,727.04,860.55,50,0
55.37,131.48,262.12,270.33,301.6,50,0
283.52,379.93,456.14,683.28,695.63,50,0
56.85,181.15,697.0,778.7,788.55,50,0
259.42,272.82,373.81,587.6,777.41,50,0
44.61,197.05,370.85,459.86,799.8,50,0
76.96,306.81,518.84,577.54,959.43,50,0
35.36,430.4,510.02,536.18,645.57,50,0
128.86,277.6,392.68,681.39,956.41,50,0
187.13,456.91,543.81,882.04,903.98,50,0
399.03,458.6,690.03,724.17,904.04,50,0
240.02,327.72,636.06,699.62,756.78,50,0
160.54,458.14,590.98,796.39,959.17,50,0
457.22,575.75,820.77,857.72,951.87,50,0
159.41,398.43,628.9,815.52,908.84,50,0
33.3,62.71,258.68,424.03,849.04,50,0
16.33,185.23,355.37,356.71,958.98,50,0
99.61,401.26,869.49,929.29,945.3,50,0
33.07,232.74,326.7,454.16,614.46,50,0
15.61,68.07,221.16,251.94,428.8,50,0
12.04,115.48,131.06,253.19,618.48,50,0
162.95,409.05,638.76,974.26,990.35,50,0
65.3,288.4,490.31,783.23,989.41,50,0
241.42,246.06,517.31,662.5,665.86,50,0
287.05,414.86,424.09,554.69,706.57,50,0
46.01,232.63,360.55,828.66,924.97,50,0
348.52,814.97,904.95,968.97,985.49,50,0
105.91,249.42,296.56,950.95,992.01,50,0
58.36,233.42,689.77,730.71,881.72,50,0
237.81,272.44,374.3,379.06,748.79,50,0
171.85,237.74,304.47,449.29,839.19,50,0
502.39,634.0,867.29,940.21,942.58,50,0
451.82,699.58,750.76,967.97,994.4,50,0
70.87,131.29,152.35,292.79,417.49,50,0
382.81,546.88,604.12,895.39,967.79,50,0
274.82,406.73,552.08,592.23,896.76,50,0
248.41,271.65,401.71,455.44,505.87,50,0
423.65,544.88,548.81,602.76,715.19,100,0
383.44,437.59,645.89,891.77,963.66,100,0
71.04,528.89,568.04,791.73,925.6,100,0
20.22,87.13,778.16,832.62,870.01,100,0
118.27,461.48,780.53,799.16,978.62,100,0
143.35,414.66,521.85,639.92,944.67,100,0
18.79,264.56,456.15,568.43,774.23,100,0
612.1,616.93,617.64,681.82,943.75,100,0
60.23,359.51,437.03,666.77,697.63,100,0
128.93,210.38,315.43,363.71,670.64,100,0
102.04,208.88,438.6,570.2,988.37,100,0
161.31,244.43,253.29,466.31,653.11,100,0
110.38,138.18,158.97,196.58,656.33,100,0
96.1,97.1,368.73,820.99,837.94,100,0
468.65,604.85,739.26,976.46,976.76,100,0
39.19,118.73,120.2,282.81,296.14,100,0
64.15,317.98,414.26,566.6,692.47,100,0
93.94,265.39,523.25,575.95,929.3,100,0
131.8,289.41,318.57,667.41,716.33,100,0
4.7,20.11,183.19,586.51,828.94,100,0
248.75,270.01,677.82,735.19,962.19,100,0
223.08,572.25,576.16,592.04,952.75,100,0
297.44,447.13,699.48,813.8,846.41,100,0
396.51,581.27,692.53,881.1,881.74,100,0
423.86,501.32,643.99,725.25,956.08,100,0
19.19,290.08,301.57,606.39,660.17,100,0
135.47,298.28,428.77,569.96,618.02,100,0
431.42,574.33,590.87,652.1,653.2,100,0
367.56,435.86,806.19,891.92,896.55,100,0
100.23,703.89,714.24,919.48,998.85,100,0
123.82,149.45,162.49,615.56,868.13,100,0
69.17,407.18,569.1,807.32,848.01,100,0
453.54,697.43,722.06,866.38,975.52,100,0
11.71,171.63,359.98,729.99,855.8,100,0
18.52,54.34,200.0,521.04,793.7,100,0
31.84,223.92,345.35,704.41,928.08,100,0
164.69,237.89,577.23,621.48,934.21,100,0
311.94,535.63,589.91,613.97,730.12,100,0
186.19,209.84,398.22,739.55,944.37,100,0
58.03,227.41,254.36,434.42,490.46,100,0
24.68,179.6,311.8,377.75,696.34,100,0
67.25,453.7,536.58,679.39,896.67,100,0
20.65,216.9,263.32,663.08,990.34,100,0
320.02,383.46,588.32,758.38,831.05,100,0
185.64,273.54,628.98,798.05,872.65,100,0
215.51,687.49,730.86,947.37,952.79,100,0
25.66,207.47,213.31,253.94,518.2,100,0
277.63,374.17,424.69,463.58,586.78,100,0
117.53,132.07,517.38,716.86,863.86,100,0
144.85,183.28,396.06,488.06,565.42,100,0
355.61,748.66,765.33,903.72,940.43,100,0
83.42,292.15,552.19,584.48,961.94,100,0
16.43,100.29,240.83,669.92,929.53,100,0
63.96,281.73,485.63,586.41,785.15,100,0
231.7,338.16,876.51,961.57,977.5,100,0
630.45,799.2,874.29,941.38,949.32,100,0
13.24,293.02,347.23,617.88,848.94,100,0
148.14,478.37,497.39,639.47,981.83,100,0
136.9,189.85,368.58,511.32,822.12,100,0
97.84,224.32,862.19,960.83,972.92,100,0
81.1,333.15,407.24,774.05,906.56,100,0
11.43,53.43,132.49,232.23,725.59,100,0
79.52,89.6,146.95,672.05,770.58,100,0
245.37,420.54,557.37,727.04,860.55,100,0
55.37,131.48,262.12,270.33,301.6,100,0
283.52,379.93,456.14,683.28,695.63,100,0
56.85,181.15,697.0,778.7,788.55,100,0
259.42,272.82,373.81,587.6,777.41,100,0
44.61,197.05,370.85,459.86,799.8,100,0
76.96,306.81,518.84,577.54,959.43,100,0
35.36,430.4,510.02,536.18,645.57,100,0
128.86,277.6,392.68,681.39,956.41,100,0
187.13,456.91,543.81,882.04,903.98,100,0
399.03,458.6,690.03,724.17,904.04,100,0
240.02,327.72,636.06,699.62,756.78,100,0
160.54,458.14,590.98,796.39,959.17,100,0
457.22,575.75,820.77,857.72,951.87,100,0
159.41,398.43,628.9,815.52,908.84,100,0
33.3,62.71,258.68,424.03,849.04,100,0
16.33,185.23,355.37,356.71,958.98,100,0
99.61,401.26,869.49,929.29,945.3,100,0
33.07,232.74,326.7,454.16,614.46,100,0
15.61,68.07,221.16,251.94,428.8,100,0
12.04,115.48,131.06,253.19,618.48,100,0
162.95,409.05,638.76,974.26,990.35,100,0
65.3,288.4,490.31,783.23,989.41,100,0
241.42,246.06,517.31,662.5,665.86,100,0
287.05,414.86,424.09,554.69,706.57,100,0
46.01,232.63,360.55,828.66,924.97,100,0
348.52,814.97,904.95,968.97,985.49,100,0
105.91,249.42,296.56,950.95,992.01,100,0
58.36,233.42,689.77,730.71,881.72,100,0
237.81,272.44,374.3,379.06,748.79,100,0
171.85,237.74,304.47,449.29,839.19,100,0
502.39,634.0,867.29,940.21,942.58,100,0
451.82,699.58,750.76,967.97,994.4,100,0
70.87,131.29,152.35,292.79,417.49,100,0
382.81,546.88,604.12,895.39,967.79,100,0
274.82,406.73,552.08,592.23,896.76,100,0
248.41,271.65,401.71,455.44,505.87,100,0
423.65,544.88,548.81,602.76,715.19,150,1
383.44,437.59,645.89,891.77,963.66,150,0
71.04,528.89,568.04,791.73,925.6,150,0
20.22,87.13,778.16,832.62,870.01,150,0
118.27,461.48,780.53,799.16,978.62,150,0
143.35,414.66,521.85,639.92,944.67,150,0
18.79,264.56,456.15,568.43,774.23,150,0
612.1,616.93,617.64,681.82,943.75,150,0
60.23,359.51,437.03,666.77,697.63,150,0
128.93,210.38,315.43,363.71,670.64,150,0
102.04,208.88,438.6,570.2,988.37,150,0
161.31,244.43,253.29,466.31,653.11,150,0
110.38,138.18,158.97,196.58,656.33,150,0
96.1,97.1,368.73,820.99,837.94,150,0
468.65,604.85,739.26,976.46,976.76,150,0
39.19,118.73,120.2,282.81,296.14,150,0
64.15,317.98,414.26,566.6,692.47,150,0
93.94,265.39,523.25,575.95,929.3,150,0
131.8,289.41,318.57,667.41,716.33,150,0
4.7,20.11,183.19,586.51,828.94,150,0
248.75,270.01,677.82,735.19,962.19,150,0
223.08,572.25,576.16,592.04,952.75,150,0
297.44,447.13,699.48,813.8,846.41,150,0
396.51,581.27,692.53,881.1,881.74,150,0
423.86,501.32,643.99,725.25,956.08,150,0
19.19,290.08,301.57,606.39,660.17,150,0
135.47,298.28,428.77,569.96,618.02,150,0
431.42,574.33,590.87,652.1,653.2,150,1
367.56,435.86,806.19,891.92,896.55,150,0
100.23,703.89,714.24,919.48,998.85,150,0
123.82,149.45,162.49,615.56,868.13,150,0
69.17,407.18,569.1,807.32,848.01,150,0
453.54,697.43,722.06,866.38,975.52,150,0
11.71,171.63,359.98,729.99,855.8,150,0
18.52,54.34,200.0,521.04,793.7,150,0
31.84,223.92,345.35,704.41,928.08,150,0
164.69,237.89,577.23,621.48,934.21,150,0
311.94,535.63,589.91,613.97,730.12,150,0
186.19,209.84,398.22,739.55,944.37,150,0
58.03,227.41,254.36,434.42,490.46,150,0
24.68,179.6,311.8,377.75,696.34,150,0
67.25,453.7,536.58,679.39,896.67,150,0
20.65,216.9,263.32,663.08,990.34,150,0
320.02,383.46,588.32,758.38,831.05,150,0
185.64,273.54,628.98,798.05,872.65,150,0
215.51,687.49,730.86,947.37,952.79,150,0
25.66,207.47,213.31,253.94,518.2,150,0
277.63,374.17,424.69,463.58,586.78,150,1
117.53,132.07,517.38,716.86,863.86,150,0
144.85,183.28,396.06,488.06,565.42,150,0
355.61,748.66,765.33,903.72,940.43,150,0
83.42,292.15,552.19,584.48,961.94,150,0
16.43,100.29,240.83,669.92,929.53,150,0
63.96,281.73,485.63,586.41,785.15,150,0
231.7,338.16,876.51,961.57,977.5,150,0
630.45,799.2,874.29,941.38,949.32,150,0
13.24,293.02,347.23,617.88,848.94,150,0
148.14,478.37,497.39,639.47,981.83,150,0
136.9,189.85,368.58,511.32,822.12,150,0
97.84,224.32,862.19,960.83,972.92,150,0
81.1,333.15,407.24,774.05,906.56,150,0
11.43,53.43,132.49,232.23,725.59,150,0
79.52,89.6,146.95,672.05,770.58,150,0
245.37,420.54,557.37,727.04,860.55,150,0
55.37,131.48,262.12,270.33,301.6,150,1
283.52,379.93,456.14,683.28,695.63,150,0
56.85,181.15,697.0,778.7,788.55,150,0
259.42,272.82,373.81,587.6,777.41,150,0
44.61,197.05,370.85,459.86,799.8,150,0
76.96,306.81,518.84,577.54,959.43,150,0
35.36,430.4,510.02,536.18,645.57,150,0
128.86,277.6,392.68,681.39,956.41,150,0
187.13,456.91,543.81,882.04,903.98,150,0
399.03,458.6,690.03,724.17,904.04,150,0
240.02,327.72,636.06,699.62,756.78,150,0
160.54,458.14,590.98,796.39,959.17,150,0
457.22,575.75,820.77,857.72,951.87,150,0
159.41,398.43,628.9,815.52,908.84,150,0
33.3,62.71,258.68,424.03,849.04,150,0
16.33,185.23,355.37,356.71,958.98,150,0
99.61,401.26,869.49,929.29,945.3,150,0
33.07,232.74,326.7,454.16,614.46,150,0
15.61,68.07,221.16,251.94,428.8,150,0
12.04,115.48,131.06,253.19,618.48,150,0
162.95,409.05,638.76,974.26,990.35,150,0
65.3,288.4,490.31,783.23,989.41,150,0
241.42,246.06,517.31,662.5,665.86,150,0
287.05,414.86,424.09,554.69,706.57,150,0
46.01,232.63,360.55,828.66,924.97,150,0
348.52,814.97,904.95,968.97,985.49,150,0
105.91,249.42,296.56,950.95,992.01,150,0
58.36,233.42,689.77,730.71,881.72,150,0
237.81,272.44,374.3,379.06,748.79,150,0
171.85,237.74,304.47,449.29,839.19,150,0
502.39,634.0,867.29,940.21,942.58,150,0
451.82,699.58,750.76,967.97,994.4,150,0
70.87,131.29,152.35,292.79,417.49,150,1
382.81,546.88,604.12,895.39,967.79,150,0
274.82,406.73,552.08,592.23,896.76,150,0
248.41,271.65,401.71,455.44,505.87,150,1
423.65,544.88,548.81,602.76,715.19,200,1
383.44,437.59,645.89,891.77,963.66,200,0
71.04,528.89,568.04,791.73,925.6,200,0
20.22,87.13,778.16,832.62,870.01,200,0
118.27,461.48,780.53,799.16,978.62,200,0
143.35,414.66,521.85,639.92,944.67,200,0
18.79,264.56,456.15,568.43,774.23,200,0
612.1,616.93,617.64,681.82,943.75,200,0
60.23,359.51,437.03,666.77,697.63,200,0
128.93,210.38,315.43,363.71,670.64,200,0
102.04,208.88,438.6,570.2,988.37,200,0
161.31,244.43,253.29,466.31,653.11,200,0
110.38,138.18,158.97,196.58,656.33,200,0
96.1,97.1,368.73,820.99,837.94,200,0
468.65,604.85,739.26,976.46,976.76,200,0
39.19,118.73,120.2,282.81,296.14,200,1
64.15,317.98,414.26,566.6,692.47,200,0
93.94,265.39,523.25,575.95,929.3,200,0
131.8,289.41,318.57,667.41,716.33,200,0
4.7,20.11,183.19,586.51,828.94,200,0
248.75,270.01,677.82,735.19,962.19,200,0
223.08,572.25,576.16,592.04,952.75,200,0
297.44,447.13,699.48,813.8,846.41,200,0
396.51,581.27,692.53,881.1,881.74,200,1
423.86,501.32,643.99,725.25,956.08,200,0
19.19,290.08,301.57,606.39,660.17,200,0
135.47,298.28,428.77,569.96,618.02,200,1
431.42,574.33,590.87,652.1,653.2,200,1
367.56,435.86,806.19,891.92,896.55,200,0
100.23,703.89,714.24,919.48,998.85,200,0
123.82,149.45,162.49,615.56,868.13,200,0
69.17,407.18,569.1,807.32,848.01,200,0
453.54,697.43,722.06,866.38,975.52,200,0
11.71,171.63,359.98,729.99,855.8,200,0
18.52,54.34,200.0,521.04,793.7,200,0
31.84,223.92,345.35,704.41,928.08,200,0
164.69,237.89,577.23,621.48,934.21,200,0
311.94,535.63,589.91,613.97,730.12,200,0
186.19,209.84,398.22,739.55,944.37,200,0
58.03,227.41,254.36,434.42,490.46,200,1
24.68,179.6,311.8,377.75,696.34,200,0
67.25,453.7,536.58,679.39,896.67,200,0
20.65,216.9,263.32,663.08,990.34,200,0
320.02,383.46,588.32,758.38,831.05,200,0
185.64,273.54,628.98,798.05,872.65,200,0
215.51,687.49,730.86,947.37,952.79,200,0
25.66,207.47,213.31,253.94,518.2,200,0
277.63,374.17,424.69,463.58,586.78,200,1
117.53,132.07,517.38,716.86,863.86,200,0
144.85,183.28,396.06,488.06,565.42,200,0
355.61,748.66,765.33,903.72,940.43,200,0
83.42,292.15,552.19,584.48,961.94,200,0
16.43,100.29,240.83,669.92,929.53,200,0
63.96,281.73,485.63,586.41,785.15,200,0
231.7,338.16,876.51,961.57,977.5,200,0
630.45,799.2,874.29,941.38,949.32,200,1
13.24,293.02,347.23,617.88,848.94,200,0
148.14,478.37,497.39,639.47,981.83,200,0
136.9,189.85,368.58,511.32,822.12,200,0
97.84,224.32,862.19,960.83,972.92,200,0
81.1,333.15,407.24,774.05,906.56,200,0
11.43,53.43,132.49,232.23,725.59,200,0
79.52,89.6,146.95,672.05,770.58,200,0
245.37,420.54,557.37,727.04,860.55,200,1
55.37,131.48,262.12,270.33,301.6,200,1
283.52,379.93,456.14,683.28,695.63,200,0
56.85,181.15,697.0,778.7,788.55,200,0
259.42,272.82,373.81,587.6,777.41,200,0
44.61,197.05,370.85,459.86,799.8,200,0
76.96,306.81,518.84,577.54,959.43,200,0
35.36,430.4,510.02,536.18,645.57,200,0
128.86,277.6,392.68,681.39,956.41,200,0
187.13,456.91,543.81,882.04,903.98,200,0
399.03,458.6,690.03,724.17,904.04,200,0
240.02,327.72,636.06,699.62,756.78,200,0
160.54,458.14,590.98,796.39,959.17,200,0
457.22,575.75,820.77,857.72,951.87,200,0
159.41,398.43,628.9,815.52,908.84,200,0
33.3,62.71,258.68,424.03,849.04,200,0
16.33,185.23,355.37,356.71,958.98,200,0
99.61,401.26,869.49,929.29,945.3,200,0
33.07,232.74,326.7,454.16,614.46,200,1
15.61,68.07,221.16,251.94,428.8,200,1
12.04,115.48,131.06,253.19,618.48,200,0
162.95,409.05,638.76,974.26,990.35,200,0
65.3,288.4,490.31,783.23,989.41,200,0
241.42,246.06,517.31,662.5,665.86,200,0
287.05,414.86,424.09,554.69,706.57,200,1
46.01,232.63,360.55,828.66,924.97,200,0
348.52,814.97,904.95,968.97,985.49,200,0
105.91,249.42,296.56,950.95,992.01,200,0
58.36,233.42,689.77,730.71,881.72,200,0
237.81,272.44,374.3,379.06,748.79,200,0
171.85,237.74,304.47,449.29,839.19,200,0
502.39,634.0,867.29,940.21,942.58,200,0
451.82,699.58,750.76,967.97,994.4,200,0
70.87,131.29,152.35,292.79,417.49,200,1
382.81,546.88,604.12,895.39,967.79,200,0
274.82,406.73,552.08,592.23,896.76,200,0
248.41,271.65,401.71,455.44,505.87,200,1
423.65,544.88,548.81,602.76,715.19,250,1
383.44,437.59,645.89,891.77,963.66,250,1
71.04,528.89,568.04,791.73,925.6,250,0
20.22,87.13,778.16,832.62,870.01,250,0
118.27,461.48,780.53,799.16,978.62,250,0
143.35,414.66,521.85,639.92,944.67,250,0
18.79,264.56,456.15,568.43,774.23,250,1
612.1,616.93,617.64,681.82,943.75,250,0
60.23,359.51,437.03,666.77,697.63,250,0
128.93,210.38,315.43,363.71,670.64,250,0
102.04,208.88,438.6,570.2,988.37,250,0
161.31,244.43,253.29,466.31,653.11,250,1
110.38,138.18,158.97,196.58,656.33,250,0
96.1,97.1,368.73,820.99,837.94,250,0
468.65,604.85,739.26,976.46,976.76,250,1
39.19,118.73,120.2,282.81,296.14,250,1
64.15,317.98,414.26,566.6,692.47,250,0
93.94,265.39,523.25,575.95,929.3,250,0
131.8,289.41,318.57,667.41,716.33,250,0
4.7,20.11,183.19,586.51,828.94,250,0
248.75,270.01,677.82,735.19,962.19,250,0
223.08,572.25,576.16,592.04,952.75,250,0
297.44,447.13,699.48,813.8,846.41,250,0
396.51,581.27,692.53,881.1,881.74,250,1
423.86,501.32,643.99,725.25,956.08,250,1
19.19,290.08,301.57,606.39,660.17,250,0
135.47,298.28,428.77,569.96,618.02,250,1
431.42,574.33,590.87,652.1,653.2,250,1
367.56,435.86,806.19,891.92,896.55,250,0
100.23,703.89,714.24,919.48,998.85,250,0
123.82,149.45,162.49,615.56,868.13,250,0
69.17,407.18,569.1,807.32,848.01,250,0
453.54,697.43,722.06,866.38,975.52,250,1
11.71,171.63,359.98,729.99,855.8,250,0
18.52,54.34,200.0,521.04,793.7,250,0
31.84,223.92,345.35,704.41,928.08,250,0
164.69,237.89,577.23,621.48,934.21,250,0
311.94,535.63,589.91,613.97,730.12,250,1
186.19,209.84,398.22,739.55,944.37,250,0
58.03,227.41,254.36,434.42,490.46,250,1
24.68,179.6,311.8,377.75,696.34,250,0
67.25,453.7,536.58,679.39,896.67,250,0
20.65,216.9,263.32,663.08,990.34,250,0
320.02,383.46,588.32,758.38,831.05,250,1
185.64,273.54,628.98,798.05,872.65,250,0
215.51,687.49,730.86,947.37,952.79,250,0
25.66,207.47,213.31,253.94,518.2,250,0
277.63,374.17,424.69,463.58,586.78,250,1
117.53,132.07,517.38,716.86,863.86,250,0
144.85,183.28,396.06,488.06,565.42,250,1
355.61,748.66,765.33,903.72,940.43,250,0
83.42,292.15,552.19,584.48,961.94,250,0
16.43,100.29,240.83,669.92,929.53,250,0
63.96,281.73,485.63,586.41,785.15,250,1
231.7,338.16,876.51,961.57,977.5,250,0
630.45,799.2,874.29,941.38,949.32,250,1
13.24,293.02,347.23,617.88,848.94,250,0
148.14,478.37,497.39,639.47,981.83,250,0
136.9,189.85,368.58,511.32,822.12,250,0
97.84,224.32,862.19,960.83,972.92,250,0
81.1,333.15,407.24,774.05,906.56,250,0
11.43,53.43,132.49,232.23,725.59,250,0
79.52,89.6,146.95,672.05,770.58,250,0
245.37,420.54,557.37,727.04,860.55,250,1
55.37,131.48,262.12,270.33,301.6,250,1
283.52,379.93,456.14,683.28,695.63,250,1
56.85,181.15,697.0,778.7,788.55,250,0
259.42,272.82,373.81,587.6,777.41,250,1
44.61,197.05,370.85,459.86,799.8,250,0
76.96,306.81,518.84,577.54,959.43,250,0
35.36,430.4,510.02,536.18,645.57,250,0
128.86,277.6,392.68,681.39,956.41,250,0
187.13,456.91,543.81,882.04,903.98,250,0
399.03,458.6,690.03,724.17,904.04,250,1
240.02,327.72,636.06,699.62,756.78,250,0
160.54,458.14,590.98,796.39,959.17,250,0
457.22,575.75,820.77,857.72,951.87,250,1
159.41,398.43,628.9,815.52,908.84,250,1
33.3,62.71,258.68,424.03,849.04,250,0
16.33,185.23,355.37,356.71,958.98,250,0
99.61,401.26,869.49,929.29,945.3,250,0
33.07,232.74,326.7,454.16,614.46,250,1
15.61,68.07,221.16,251.94,428.8,250,1
12.04,115.48,131.06,253.19,618.48,250,0
162.95,409.05,638.76,974.26,990.35,250,0
65.3,288.4,490.31,783.23,989.41,250,0
241.42,246.06,517.31,662.5,665.86,250,0
287.05,414.86,424.09,554.69,706.57,250,1
46.01,232.63,360.55,828.66,924.97,250,0
348.52,814.97,904.95,968.97,985.49,250,0
105.91,249.42,296.56,950.95,992.01,250,0
58.36,233.42,689.77,730.71,881.72,250,0
237.81,272.44,374.3,379.06,748.79,250,0
171.85,237.74,304.47,449.29,839.19,250,0
502.39,634.0,867.29,940.21,942.58,250,1
451.82,699.58,750.76,967.97,994.4,250,1
70.87,131.29,152.35,292.79,417.49,250,1
382.81,546.88,604.12,895.39,967.79,250,0
274.82,406.73,552.08,592.23,896.76,250,0
248.41,271.65,401.71,455.44,505.87,250,1
423.65,544.88,548.81,602.76,715.19,300,1
383.44,437.59,645.89,891.77,963.66,300,1
71.04,528.89,568.04,791.73,925.6,300,0
20.22,87.13,778.16,832.62,870.01,300,0
118.27,461.48,780.53,799.16,978.62,300,0
143.35,414.66,521.85,639.92,944.67,300,0
18.79,264.56,456.15,568.43,774.23,300,1
612.1,616.93,617.64,681.82,943.75,300,1
60.23,359.51,437.03,666.77,697.63,300,1
128.93,210.38,315.43,363.71,670.64,300,0
102.04,208.88,438.6,570.2,988.37,300,0
161.31,244.43,253.29,466.31,653.11,300,1
110.38,138.18,158.97,196.58,656.33,300,0
96.1,97.1,368.73,820.99,837.94,300,0
468.65,604.85,739.26,976.46,976.76,300,1
39.19,118.73,120.2,282.81,296.14,300,1
64.15,317.98,414.26,566.6,692.47,300,1
93.94,265.39,523.25,575.95,929.3,300,0
131.8,289.41,318.57,667.41,716.33,300,0
4.7,20.11,183.19,586.51,828.94,300,0
248.75,270.01,677.82,735.19,962.19,300,0
223.08,572.25,576.16,592.04,952.75,300,0
297.44,447.13,699.48,813.8,846.41,300,1
396.51,581.27,692.53,881.1,881.74,300,1
423.86,501.32,643.99,725.25,956.08,300,1
19.19,290.08,301.57,606.39,660.17,300,0
135.47,298.28,428.77,569.96,618.02,300,1
431.42,574.33,590.87,652.1,653.2,300,1
367.56,435.86,806.19,891.92,896.55,300,0
100.23,703.89,714.24,919.48,998.85,300,0
123.82,149.45,162.49,615.56,868.13,300,0
69.17,407.18,569.1,807.32,848.01,300,0
453.54,697.43,722.06,866.38,975.52,300,1
11.71,171.63,359.98,729.99,855.8,300,0
18.52,54.34,200.0,521.04,793.7,300,0
31.84,223.92,345.35,704.41,928.08,300,0
164.69,237.89,577.23,621.48,934.21,300,0
311.94,535.63,589.91,613.97,730.12,300,1
186.19,209.84,398.22,739.55,944.37,300,0
58.03,227.41,254.36,434.42,490.46,300,1
24.68,179.6,311.8,377.75,696.34,300,0
67.25,453.7,536.58,679.39,896.67,300,0
20.65,216.9,263.32,663.08,990.34,300,0
320.02,383.46,588.32,758.38,831.05,300,1
185.64,273.54,628.98,798.05,872.65,300,0
215.51,687.49,730.86,947.37,952.79,300,0
25.66,207.47,213.31,253.94,518.2,300,1
277.63,374.17,424.69,463.58,586.78,300,1
117.53,132.07,517.38,716.86,863.86,300,0
144.85,183.28,396.06,488.06,565.42,300,1
355.61,748.66,765.33,903.72,940.43,300,0
83.42,292.15,552.19,584.48,961.94,300,0
16.43,100.29,240.83,669.92,929.53,300,0
63.96,281.73,485.63,586.41,785.15,300,1
231.7,338.16,876.51,961.57,977.5,300,0
630.45,799.2,874.29,941.38,949.32,300,1
13.24,293.02,347.23,617.88,848.94,300,1
148.14,478.37,497.39,639.47,981.83,300,0
136.9,189.85,368.58,511.32,822.12,300,0
97.84,224.32,862.19,960.83,972.92,300,0
81.1,333.15,407.24,774.05,906.56,300,0
11.43,53.43,132.49,232.23,725.59,300,0
79.52,89.6,146.95,672.05,770.58,300,0
245.37,420.54,557.37,727.04,860.55,300,1
55.37,131.48,262.12,270.33,301.6,300,1
283.52,379.93,456.14,683.28,695.63,300,1
56.85,181.15,697.0,778.7,788.55,300,0
259.42,272.82,373.81,587.6,777.41,300,1
44.61,197.05,370.85,459.86,799.8,300,0
76.96,306.81,518.84,577.54,959.43,300,0
35.36,430.4,510.02,536.18,645.57,300,0
128.86,277.6,392.68,681.39,956.41,300,1
187.13,456.91,543.81,882.04,903.98,300,0
399.03,458.6,690.03,724.17,904.04,300,1
240.02,327.72,636.06,699.62,756.78,300,0
160.54,458.14,590.98,796.39,959.17,300,1
457.22,575.75,820.77,857.72,951.87,300,1
159.41,398.43,628.9,815.52,908.84,300,1
33.3,62.71,258.68,424.03,849.04,300,0
16.33,185.23,355.37,356.71,958.98,300,0
99.61,401.26,869.49,929.29,945.3,300,0
33.07,232.74,326.7,454.16,614.46,300,1
15.61,68.07,221.16,251.94,428.8,300,1
12.04,115.48,131.06,253.19,618.48,300,0
162.95,409.05,638.76,974.26,990.35,300,0
65.3,288.4,490.31,783.23,989.41,300,1
241.42,246.06,517.31,662.5,665.86,300,1
287.05,414.86,424.09,554.69,706.57,300,1
46.01,232.63,360.55,828.66,924.97,300,0
348.52,814.97,904.95,968.97,985.49,300,0
105.91,249.42,296.56,950.95,992.01,300,0
58.36,233.42,689.77,730.71,881.72,300,0
237.81,272.44,374.3,379.06,748.79,300,0
171.85,237.74,304.47,449.29,839.19,300,0
502.39,634.0,867.29,940.21,942.58,300,1
451.82,699.58,750.76,967.97,994.4,300,1
70.87,131.29,152.35,292.79,417.49,300,1
382.81,546.88,604.12,895.39,967.79,300,1
274.82,406.73,552.08,592.23,896.76,300,0
248.41,271.65,401.71,455.44,505.87,300,1
423.65,544.88,548.81,602.76,715.19,350,1
383.44,437.59,645.89,891.77,963.66,350,1
71.04,528.89,568.04,791.73,925.6,350,0
20.22,87.13,778.16,832.62,870.01,350,0
118.27,461.48,780.53,799.16,978.62,350,1
143.35,414.66,521.85,639.92,944.67,350,1
18.79,264.56,456.15,568.43,774.23,350,1
612.1,616.93,617.64,681.82,943.75,350,1
60.23,359.51,437.03,666.77,697.63,350,1
128.93,210.38,315.43,363.71,670.64,350,1
102.04,208.88,438.6,570.2,988.37,350,0
161.31,244.43,253.29,466.31,653.11,350,1
110.38,138.18,158.97,196.58,656.33,350,0
96.1,97.1,368.73,820.99,837.94,350,0
468.65,604.85,739.26,976.46,976.76,350,1
39.19,118.73,120.2,282.81,296.14,350,1
64.15,317.98,414.26,566.6,692.47,350,1
93.94,265.39,523.25,575.95,929.3,350,0
131.8,289.41,318.57,667.41,716.33,350,1
4.7,20.11,183.19,586.51,828.94,350,0
248.75,270.01,677.82,735.19,962.19,350,0
223.08,572.25,576.16,592.04,952.75,350,0
297.44,447.13,699.48,813.8,846.41,350,1
396.51,581.27,692.53,881.1,881.74,350,1
423.86,501.32,643.99,725.25,956.08,350,1
19.19,290.08,301.57,606.39,660.17,350,1
135.47,298.28,428.77,569.96,618.02,350,1
431.42,574.33,590.87,652.1,653.2,350,1
367.56,435.86,806.19,891.92,896.55,350,0
100.23,703.89,714.24,919.48,998.85,350,0
123.82,149.45,162.49,615.56,868.13,350,0
69.17,407.18,569.1,807.32,848.01,350,1
453.54,697.43,722.06,866.38,975.52,350,1
11.71,171.63,359.98,729.99,855.8,350,0
18.52,54.34,200.0,521.04,793.7,350,1
31.84,223.92,345.35,704.41,928.08,350,0
164.69,237.89,577.23,621.48,934.21,350,1
311.94,535.63,589.91,613.97,730.12,350,1
186.19,209.84,398.22,739.55,944.37,350,1
58.03,227.41,254.36,434.42,490.46,350,1
24.68,179.6,311.8,377.75,696.34,350,1
67.25,453.7,536.58,679.39,896.67,350,0
20.65,216.9,263.32,663.08,990.34,350,0
320.02,383.46,588.32,758.38,831.05,350,1
185.64,273.54,628.98,798.05,872.65,350,0
215.51,687.49,730.86,947.37,952.79,350,0
25.66,207.47,213.31,253.94,518.2,350,1
277.63,374.17,424.69,463.58,586.78,350,1
117.53,132.07,517.38,716.86,863.86,350,0
144.85,183.28,396.06,488.06,565.42,350,1
355.61,748.66,765.33,903.72,940.43,350,0
83.42,292.15,552.19,584.48,961.94,350,0
16.43,100.29,240.83,669.92,929.53,350,0
63.96,281.73,485.63,586.41,785.15,350,1
231.7,338.16,876.51,961.57,977.5,350,0
630.45,799.2,874.29,941.38,949.32,350,1
13.24,293.02,347.23,617.88,848.94,350,1
148.14,478.37,497.39,639.47,981.83,350,1
136.9,189.85,368.58,511.32,822.12,350,1
97.84,224.32,862.19,960.83,972.92,350,0
81.1,333.15,407.24,774.05,906.56,350,0
11.43,53.43,132.49,232.23,725.59,350,0
79.52,89.6,146.95,672.05,770.58,350,0
245.37,420.54,557.37,727.04,860.55,350,1
55.37,131.48,262.12,270.33,301.6,350,1
283.52,379.93,456.14,683.28,695.63,350,1
56.85,181.15,697.0,778.7,788.55,350,0
259.42,272.82,373.81,587.6,777.41,350,1
44.61,197.05,370.85,459.86,799.8,350,1
76.96,306.81,518.84,577.54,959.43,350,0
35.36,430.4,510.02,536.18,645.57,350,0
128.86,277.6,392.68,681.39,956.41,350,1
187.13,456.91,543.81,882.04,903.98,350,1
399.03,458.6,690.03,724.17,904.04,350,1
240.02,327.72,636.06,699.62,756.78,350,1
160.54,458.14,590.98,796.39,959.17,350,1
457.22,575.75,820.77,857.72,951.87,350,1
159.41,398.43,628.9,815.52,908.84,350,1
33.3,62.71,258.68,424.03,849.04,350,0
16.33,185.23,355.37,356.71,958.98,350,0
99.61,401.26,869.49,929.29,945.3,350,0
33.07,232.74,326.7,454.16,614.46,350,1
15.61,68.07,221.16,251.94,428.8,350,1
12.04,115.48,131.06,253.19,618.48,350,0
162.95,409.05,638.76,974.26,990.35,350,1
65.3,288.4,490.31,783.23,989.41,350,1
241.42,246.06,517.31,662.5,665.86,350,1
287.05,414.86,424.09,554.69,706.57,350,1
46.01,232.63,360.55,828.66,924.97,350,0
348.52,814.97,904.95,968.97,985.49,350,0
105.91,249.42,296.56,950.95,992.01,350,0
58.36,233.42,689.77,730.71,881.72,350,0
237.81,272.44,374.3,379.06,748.79,350,0
171.85,237.74,304.47,449.29,839.19,350,0
502.39,634.0,867.29,940.21,942.58,350,1
451.82,699.58,750.76,967.97,994.4,350,1
70.87,131.29,152.35,292.79,417.49,350,1
382.81,546.88,604.12,895.39,967.79,350,1
274.82,406.73,552.08,592.23,896.76,350,1
248.41,271.65,401.71,455.44,505.87,350,1
423.65,544.88,548.81,602.76,715.19,400,1
383.44,437.59,645.89,891.77,963.66,400,1
71.04,528.89,568.04,791.73,925.6,400,0
20.22,87.13,778.16,832.62,870.01,400,0
118.27,461.48,780.53,799.16,978.62,400,1
143.35,414.66,521.85,639.92,944.67,400,1
18.79,264.56,456.15,568.43,774.23,400,1
612.1,616.93,617.64,681.82,943.75,400,1
60.23,359.51,437.03,666.77,697.63,400,1
128.93,210.38,315.43,363.71,670.64,400,1
102.04,208.88,438.6,570.2,988.37,400,0
161.31,244.43,253.29,466.31,653.11,400,1
110.38,138.18,158.97,196.58,656.33,400,0
96.1,97.1,368.73,820.99,837.94,400,0
468.65,604.85,739.26,976.46,976.76,400,1
39.19,118.73,120.2,282.81,296.14,400,1
64.15,317.98,414.26,566.6,692.47,400,1
93.94,265.39,523.25,575.95,929.3,400,1
131.8,289.41,318.57,667.41,716.33,400,1
4.7,20.11,183.19,586.51,828.94,400,0
248.75,270.01,677.82,735.19,962.19,400,0
223.08,572.25,576.16,592.04,952.75,400,1
297.44,447.13,699.48,813.8,846.41,400,1
396.51,581.27,692.53,881.1,881.74,400,1
423.86,501.32,643.99,725.25,956.08,400,1
19.19,290.08,301.57,606.39,660.17,400,1
135.47,298.28,428.77,569.96,618.02,400,1
431.42,574.33,590.87,652.1,653.2,400,1
367.56,435.86,806.19,891.92,896.55,400,1
100.23,703.89,714.24,919.48,998.85,400,0
123.82,149.45,162.49,615.56,868.13,400,0
69.17,407.18,569.1,807.32,848.01,400,1
453.54,697.43,722.06,866.38,975.52,400,1
11.71,171.63,359.98,729.99,855.8,400,1
18.52,54.34,200.0,521.04,793.7,400,1
31.84,223.92,345.35,704.41,928.08,400,1
164.69,237.89,577.23,621.48,934.21,400,1
311.94,535.63,589.91,613.97,730.12,400,1
186.19,209.84,398.22,739.55,944.37,400,1
58.03,227.41,254.36,434.42,490.46,400,1
24.68,179.6,311.8,377.75,696.34,400,1
67.25,453.7,536.58,679.39,896.67,400,1
20.65,216.9,263.32,663.08,990.34,400,1
320.02,383.46,588.32,758.38,831.05,400,1
185.64,273.54,628.98,798.05,872.65,400,1
215.51,687.49,730.86,947.37,952.79,400,0
25.66,207.47,213.31,253.94,518.2,400,1
277.63,374.17,424.69,463.58,586.78,400,1
117.53,132.07,517.38,716.86,863.86,400,1
144.85,183.28,396.06,488.06,565.42,400,1
355.61,748.66,765.33,903.72,940.43,400,1
83.42,292.15,552.19,584.48,961.94,400,1
16.43,100.29,240.83,669.92,929.53,400,0
63.96,281.73,485.63,586.41,785.15,400,1
231.7,338.16,876.51,961.57,977.5,400,0
630.45,799.2,874.29,941.38,949.32,400,1
13.24,293.02,347.23,617.88,848.94,400,1
148.14,478.37,497.39,639.47,981.83,400,1
136.9,189.85,368.58,511.32,822.12,400,1
97.84,224.32,862.19,960.83,972.92,400,0
81.1,333.15,407.24,774.05,906.56,400,1
11.43,53.43,132.49,232.23,725.59,400,0
79.52,89.6,146.95,672.05,770.58,400,0
245.37,420.54,557.37,727.04,860.55,400,1
55.37,131.48,262.12,270.33,301.6,400,1
283.52,379.93,456.14,683.28,695.63,400,1
56.85,181.15,697.0,778.7,788.55,400,0
259.42,272.82,373.81,587.6,777.41,400,1
44.61,197.05,370.85,459.86,799.8,400,1
76.96,306.81,518.84,577.54,959.43,400,1
35.36,430.4,510.02,536.18,645.57,400,1
128.86,277.6,392.68,681.39,956.41,400,1
187.13,456.91,543.81,882.04,903.98,400,1
399.03,458.6,690.03,724.17,904.04,400,1
240.02,327.72,636.06,699.62,756.78,400,1
160.54,458.14,590.98,796.39,959.17,400,1
457.22,575.75,820.77,857.72,951.87,400,1
159.41,398.43,628.9,815.52,908.84,400,1
33.3,62.71,258.68,424.03,849.04,400,0
16.33,185.23,355.37,356.71,958.98,400,0
99.61,401.26,869.49,929.29,945.3,400,0
33.07,232.74,326.7,454.16,614.46,400,1
15.61,68.07,221.16,251.94,428.8,400,1
12.04,115.48,131.06,253.19,618.48,400,1
162.95,409.05,638.76,974.26,990.35,400,1
65.3,288.4,490.31,783.23,989.41,400,1
241.42,246.06,517.31,662.5,665.86,400,1
287.05,414.86,424.09,554.69,706.57,400,1
46.01,232.63,360.55,828.66,924.97,400,0
348.52,814.97,904.95,968.97,985.49,400,0
105.91,249.42,296.56,950.95,992.01,400,0
58.36,233.42,689.77,730.71,881.72,400,0
237.81,272.44,374.3,379.06,748.79,400,1
171.85,237.74,304.47,449.29,839.19,400,1
502.39,634.0,867.29,940.21,942.58,400,1
451.82,699.58,750.76,967.97,994.4,400,1
70.87,131.29,152.35,292.79,417.49,400,1
382.81,546.88,604.12,895.39,967.79,400,1
274.82,406.73,552.08,592.23,896.76,400,1
248.41,271.65,401.71,455.44,505.87,400,1
423.65,544.88,548.81,602.76,715.19,450,1
383.44,437.59,645.89,891.77,963.66,450,1
71.04,528.89,568.04,791.73,925.6,450,0
20.22,87.13,778.16,832.62,870.01,450,0
118.27,461.48,780.53,799.16,978.62,450,1
143.35,414.66,521.85,639.92,944.67,450,1
18.79,264.56,456.15,568.43,774.23,450,1
612.1,616.93,617.64,681.82,943.75,450,1
60.23,359.51,437.03,666.77,697.63,450,1
128.93,210.38,315.43,363.71,670.64,450,1
102.04,208.88,438.6,570.2,988.37,450,1
161.31,244.43,253.29,466.31,653.11,450,1
110.38,138.18,158.97,196.58,656.33,450,0
96.1,97.1,368.73,820.99,837.94,450,0
468.65,604.85,739.26,976.46,976.76,450,1
39.19,118.73,120.2,282.81,296.14,450,1
64.15,317.98,414.26,566.6,692.47,450,1
93.94,265.39,523.25,575.95,929.3,450,1
131.8,289.41,318.57,667.41,716.33,450,1
4.7,20.11,183.19,586.51,828.94,450,1
248.75,270.01,677.82,735.19,962.19,450,1
223.08,572.25,576.16,592.04,952.75,450,1
297.44,447.13,699.48,813.8,846.41,450,1
396.51,581.27,692.53,881.1,881.74,450,1
423.86,501.32,643.99,725.25,956.08,450,1
19.19,290.08,301.57,606.39,660.17,450,1
135.47,298.28,428.77,569.96,618.02,450,1
431.42,574.33,590.87,652.1,653.2,450,1
367.56,435.86,806.19,891.92,896.55,450,1
100.23,703.89,714.24,919.48,998.85,450,0
123.82,149.45,162.49,615.56,868.13,450,0
69.17,407.18,569.1,807.32,848.01,450,1
453.54,697.43,722.06,866.38,975.52,450,1
11.71,171.63,359.98,729.99,855.8,450,1
18.52,54.34,200.0,521.04,793.7,450,1
31.84,223.92,345.35,704.41,928.08,450,1
164.69,237.89,577.23,621.48,934.21,450,1
311.94,535.63,589.91,613.97,730.12,450,1
186.19,209.84,398.22,739.55,944.37,450,1
58.03,227.41,254.36,434.42,490.46,450,1
24.68,179.6,311.8,377.75,696.34,450,1
67.25,453.7,536.58,679.39,896.67,450,1
20.65,216.9,263.32,663.08,990.34,450,1
320.02,383.46,588.32,758.38,831.05,450,1
185.64,273.54,628.98,798.05,872.65,450,1
215.51,687.49,730.86,947.37,952.79,450,0
25.66,207.47,213.31,253.94,518.2,450,1
277.63,374.17,424.69,463.58,586.78,450,1
117.53,132.07,517.38,716.86,863.86,450,1
144.85,183.28,396.06,488.06,565.42,450,1
355.61,748.66,765.33,903.72,940.43,450,1
83.42,292.15,552.19,584.48,961.94,450,1
16.43,100.29,240.83,669.92,929.53,450,1
63.96,281.73,485.63,586.41,785.15,450,1
231.7,338.16,876.51,961.57,977.5,450,0
630.45,799.2,874.29,941.38,949.32,450,1
13.24,293.02,347.23,617.88,848.94,450,1
148.14,478.37,497.39,639.47,981.83,450,1
136.9,189.85,368.58,511.32,822.12,450,1
97.84,224.32,862.19,960.83,972.92,450,0
81.1,333.15,407.24,774.05,906.56,450,1
11.43,53.43,132.49,232.23,725.59,450,0
79.52,89.6,146.95,672.05,770.58,450,0
245.37,420.54,557.37,727.04,860.55,450,1
55.37,131.48,262.12,270.33,301.6,450,1
283.52,379.93,456.14,683.28,695.63,450,1
56.85,181.15,697.0,778.7,788.55,450,0
259.42,272.82,373.81,587.6,777.41,450,1
44.61,197.05,370.85,459.86,799.8,450,1
76.96,306.81,518.84,577.54,959.43,450,1
35.36,430.4,510.02,536.18,645.57,450,1
128.86,277.6,392.68,681.39,956.41,450,1
187.13,456.91,543.81,882.04,903.98,450,1
399.03,458.6,690.03,724.17,904.04,450,1
240.02,327.72,636.06,699.62,756.78,450,1
160.54,458.14,590.98,796.39,959.17,450,1
457.22,575.75,820.77,857.72,951.87,450,1
159.41,398.43,628.9,815.52,908.84,450,1
33.3,62.71,258.68,424.03,849.04,450,1
16.33,185.23,355.37,356.71,958.98,450,0
99.61,401.26,869.49,929.29,945.3,450,0
33.07,232.74,326.7,454.16,614.46,450,1
15.61,68.07,221.16,251.94,428.8,450,1
12.04,115.48,131.06,253.19,618.48,450,1
162.95,409.05,638.76,974.26,990.35,450,1
65.3,288.4,490.31,783.23,989.41,450,1
241.42,246.06,517.31,662.5,665.86,450,1
287.05,414.86,424.09,554.69,706.57,450,1
46.01,232.63,360.55,828.66,924.97,450,0
348.52,814.97,904.95,968.97,985.49,450,0
105.91,249.42,296.56,950.95,992.01,450,0
58.36,233.42,689.77,730.71,881.72,450,0
237.81,272.44,374.3,379.06,748.79,450,1
171.85,237.74,304.47,449.29,839.19,450,1
502.39,634.0,867.29,940.21,942.58,450,1
451.82,699.58,750.76,967.97,994.4,450,1
70.87,131.29,152.35,292.79,417.49,450,1
382.81,546.88,604.12,895.39,967.79,450,1
274.82,406.73,552.08,592.23,896.76,450,1
248.41,271.65,401.71,455.44,505.87,450,1
423.65,544.88,548.81,602.76,715.19,500,1
383.44,437.59,645.89,891.77,963.66,500,1
71.04,528.89,568.04,791.73,925.6,500,1
20.22,87.13,778.16,832.62,870.01,500,0
118.27,461.48,780.53,799.16,978.62,500,1
143.35,414.66,521.85,639.92,944.67,500,1
18.79,264.56,456.15,568.43,774.23,500,1
612.1,616.93,617.64,681.82,943.75,500,1
60.23,359.51,437.03,666.77,697.63,500,1
128.93,210.38,315.43,363.71,670.64,500,1
102.04,208.88,438.6,570.2,988.37,500,1
161.31,244.43,253.29,466.31,653.11,500,1
110.38,138.18,158.97,196.58,656.33,500,1
96.1,97.1,368.73,820.99,837.94,500,1
468.65,604.85,739.26,976.46,976.76,500,1
39.19,118.73,120.2,282.81,296.14,500,1
64.15,317.98,414.26,566.6,692.47,500,1
93.94,265.39,523.25,575.95,929.3,500,1
131.8,289.41,318.57,667.41,716.33,500,1
4.7,20.11,183.19,586.51,828.94,500,1
248.75,270.01,677.82,735.19,962.19,500,1
223.08,572.25,576.16,592.04,952.75,500,1
297.44,447.13,699.48,813.8,846.41,500,1
396.51,581.27,692.53,881.1,881.74,500,1
423.86,501.32,643.99,725.25,956.08,500,1
19.19,290.08,301.57,606.39,660.17,500,1
135.47,298.28,428.77,569.96,618.02,500,1
431.42,574.33,590.87,652.1,653.2,500,1
367.56,435.86,806.19,891.92,896.55,500,1
100.23,703.89,714.24,919.48,998.85,500,0
123.82,149.45,162.49,615.56,868.13,500,1
69.17,407.18,569.1,807.32,848.01,500,1
453.54,697.43,722.06,866.38,975.52,500,1
11.71,171.63,359.98,729.99,855.8,500,1
18.52,54.34,200.0,521.04,793.7,500,1
31.84,223.92,345.35,704.41,928.08,500,1
164.69,237.89,577.23,621.48,934.21,500,1
311.94,535.63,589.91,613.97,730.12,500,1
186.19,209.84,398.22,739.55,944.37,500,1
58.03,227.41,254.36,434.42,490.46,500,1
24.68,179.6,311.8,377.75,696.34,500,1
67.25,453.7,536.58,679.39,896.67,500,1
20.65,216.9,263.32,663.08,990.34,500,1
320.02,383.46,588.32,758.38,831.05,500,1
185.64,273.54,628.98,798.05,872.65,500,1
215.51,687.49,730.86,947.37,952.79,500,1
25.66,207.47,213.31,253.94,518.2,500,1
277.63,374.17,424.69,463.58,586.78,500,1
117.53,132.07,517.38,716.86,863.86,500,1
144.85,183.28,396.06,488.06,565.42,500,1
355.61,748.66,765.33,903.72,940.43,500,1
83.42,292.15,552.19,584.48,961.94,500,1
16.43,100.29,240.83,669.92,929.53,500,1
63.96,281.73,485.63,586.41,785.15,500,1
231.7,338.16,876.51,961.57,977.5,500,0
630.45,799.2,874.29,941.38,949.32,500,1
13.24,293.02,347.23,617.88,848.94,500,1
148.14,478.37,497.39,639.47,981.83,500,1
136.9,189.85,368.58,511.32,822.12,500,1
97.84,224.32,862.19,960.83,972.92,500,0
81.1,333.15,407.24,774.05,906.56,500,1
11.43,53.43,132.49,232.23,725.59,500,1
79.52,89.6,146.95,672.05,770.58,500,0
245.37,420.54,557.37,727.04,860.55,500,1
55.37,131.48,262.12,270.33,301.6,500,1
283.52,379.93,456.14,683.28,695.63,500,1
56.85,181.15,697.0,778.7,788.55,500,0
259.42,272.82,373.81,587.6,777.41,500,1
44.61,197.05,370.85,459.86,799.8,500,1
76.96,306.81,518.84,577.54,959.43,500,1
35.36,430.4,510.02,536.18,645.57,500,1
128.86,277.6,392.68,681.39,956.41,500,1
187.13,456.91,543.81,882.04,903.98,500,1
399.03,458.6,690.03,724.17,904.04,500,1
240.02,327.72,636.06,699.62,756.78,500,1
160.54,458.14,590.98,796.39,959.17,500,1
457.22,575.75,820.77,857.72,951.87,500,1
159.41,398.43,628.9,815.52,908.84,500,1
33.3,62.71,258.68,424.03,849.04,500,1
16.33,185.23,355.37,356.71,958.98,500,0
99.61,401.26,869.49,929.29,945.3,500,1
33.07,232.74,326.7,454.16,614.46,500,1
15.61,68.07,221.16,251.94,428.8,500,1
12.04,115.48,131.06,253.19,618.48,500,1
162.95,409.05,638.76,974.26,990.35,500,1
65.3,288.4,490.31,783.23,989.41,500,1
241.42,246.06,517.31,662.5,665.86,500,1
287.05,414.86,424.09,554.69,706.57,500,1
46.01,232.63,360.55,828.66,924.97,500,1
348.52,814.97,904.95,968.97,985.49,500,1
105.91,249.42,296.56,950.95,992.01,500,0
58.36,233.42,689.77,730.71,881.72,500,1
237.81,272.44,374.3,379.06,748.79,500,1
171.85,237.74,304.47,449.29,839.19,500,1
502.39,634.0,867.29,940.21,942.58,500,1
451.82,699.58,750.76,967.97,994.4,500,1
70.87,131.29,152.35,292.79,417.49,500,1
382.81,546.88,604.12,895.39,967.79,500,1
274.82,406.73,552.08,592.23,896.76,500,1
248.41,271.65,401.71,455.44,505.87,500,1
423.65,544.88,548.81,602.76,715.19,550,1
383.44,437.59,645.89,891.77,963.66,550,1
71.04,528.89,568.04,791.73,925.6,550,1
20.22,87.13,778.16,832.62,870.01,550,0
118.27,461.48,780.53,799.16,978.62,550,1
143.35,414.66,521.85,639.92,944.67,550,1
18.79,264.56,456.15,568.43,774.23,550,1
612.1,616.93,617.64,681.82,943.75,550,1
60.23,359.51,437.03,666.77,697.63,550,1
128.93,210.38,315.43,363.71,670.64,550,1
102.04,208.88,438.6,570.2,988.37,550,1
161.31,244.43,253.29,466.31,653.11,550,1
110.38,138.18,158.97,196.58,656.33,550,1
96.1,97.1,368.73,820.99,837.94,550,1
468.65,604.85,739.26,976.46,976.76,550,1
39.19,118.73,120.2,282.81,296.14,550,1
64.15,317.98,414.26,566.6,692.47,550,1
93.94,265.39,523.25,575.95,929.3,550,1
131.8,289.41,318.57,667.41,716.33,550,1
4.7,20.11,183.19,586.51,828.94,550,1
248.75,270.01,677.82,735.19,962.19,550,1
223.08,572.25,576.16,592.04,952.75,550,1
297.44,447.13,699.48,813.8,846.41,550,1
396.51,581.27,692.53,881.1,881.74,550,1
423.86,501.32,643.99,725.25,956.08,550,1
19.19,290.08,301.57,606.39,660.17,550,1
135.47,298.28,428.77,569.96,618.02,550,1
431.42,574.33,590.87,652.1,653.2,550,1
367.56,435.86,806.19,891.92,896.55,550,1
100.23,703.89,714.24,919.48,998.85,550,0
123.82,149.45,162.49,615.56,868.13,550,1
69.17,407.18,569.1,807.32,848.01,550,1
453.54,697.43,722.06,866.38,975.52,550,1
11.71,171.63,359.98,729.99,855.8,550,1
18.52,54.34,200.0,521.04,793.7,550,1
31.84,223.92,345.35,704.41,928.08,550,1
164.69,237.89,577.23,621.48,934.21,550,1
311.94,535.63,589.91,613.97,730.12,550,1
186.19,209.84,398.22,739.55,944.37,550,1
58.03,227.41,254.36,434.42,490.46,550,1
24.68,179.6,311.8,377.75,696.34,550,1
67.25,453.7,536.58,679.39,896.67,550,1
20.65,216.9,263.32,663.08,990.34,550,1
320.02,383.46,588.32,758.38,831.05,550,1
185.64,273.54,628.98,798.05,872.65,550,1
215.51,687.49,730.86,947.37,952.79,550,1
25.66,207.47,213.31,253.94,518.2,550,1
277.63,374.17,424.69,463.58,586.78,550,1
117.53,132.07,517.38,716.86,863.86,550,1
144.85,183.28,396.06,488.06,565.42,550,1
355.61,748.66,765.33,903.72,940.43,550,1
83.42,292.15,552.19,584.48,961.94,550,1
16.43,100.29,240.83,669.92,929.53,550,1
63.96,281.73,485.63,586.41,785.15,550,1
231.7,338.16,876.51,961.57,977.5,550,1
630.45,799.2,874.29,941.38,949.32,550,1
13.24,293.02,347.23,617.88,848.94,550,1
148.14,478.37,497.39,639.47,981.83,550,1
136.9,189.85,368.58,511.32,822.12,550,1
97.84,224.32,862.19,960.83,972.92,550,0
81.1,333.15,407.24,774.05,906.56,550,1
11.43,53.43,132.49,232.23,725.59,550,1
79.52,89.6,146.95,672.05,770.58,550,1
245.37,420.54,557.37,727.04,860.55,550,1
55.37,131.48,262.12,270.33,301.6,550,1
283.52,379.93,456.14,683.28,695.63,550,1
56.85,181.15,697.0,778.7,788.55,550,1
259.42,272.82,373.81,587.6,777.41,550,1
44.61,197.05,370.85,459.86,799.8,550,1
76.96,306.81,518.84,577.54,959.43,550,1
35.36,430.4,510.02,536.18,645.57,550,1
128.86,277.6,392.68,681.39,956.41,550,1
187.13,456.91,543.81,882.04,903.98,550,1
399.03,458.6,690.03,724.17,904.04,550,1
240.02,327.72,636.06,699.62,756.78,550,1
160.54,458.14,590.98,796.39,959.17,550,1
457.22,575.75,820.77,857.72,951.87,550,1
159.41,398.43,628.9,815.52,908.84,550,1
33.3,62.71,258.68,424.03,849.04,550,1
16.33,185.23,355.37,356.71,958.98,550,0
99.61,401.26,869.49,929.29,945.3,550,1
33.07,232.74,326.7,454.16,614.46,550,1
15.61,68.07,221.16,251.94,428.8,550,1
12.04,115.48,131.06,253.19,618.48,550,1
162.95,409.05,638.76,974.26,990.35,550,1
65.3,288.4,490.31,783.23,989.41,550,1
241.42,246.06,517.31,662.5,665.86,550,1
287.05,414.86,424.09,554.69,706.57,550,1
46.01,232.63,360.55,828.66,924.97,550,1
348.52,814.97,904.95,968.97,985.49,550,1
105.91,249.42,296.56,950.95,992.01,550,0
58.36,233.42,689.77,730.71,881.72,550,1
237.81,272.44,374.3,379.06,748.79,550,1
171.85,237.74,304.47,449.29,839.19,550,1
502.39,634.0,867.29,940.21,942.58,550,1
451.82,699.58,750.76,967.97,994.4,550,1
70.87,131.29,152.35,292.79,417.49,550,1
382.81,546.88,604.12,895.39,967.79,550,1
274.82,406.73,552.08,592.23,896.76,550,1
248.41,271.65,401.71,455.44,505.87,550,1
423.65,544.88,548.81,602.76,715.19,600,1
383.44,437.59,645.89,891.77,963.66,600,1
71.04,528.89,568.04,791.73,925.6,600,1
20.22,87.13,778.16,832.62,870.01,600,0
118.27,461.48,780.53,799.16,978.62,600,1
143.35,414.66,521.85,639.92,944.67,600,1
18.79,264.56,456.15,568.43,774.23,600,1
612.1,616.93,617.64,681.82,943.75,600,1
60.23,359.51,437.03,666.77,697.63,600,1
128.93,210.38,315.43,363.71,670.64,600,1
102.04,208.88,438.6,570.2,988.37,600,1
161.31,244.43,253.29,466.31,653.11,600,1
110.38,138.18,158.97,196.58,656.33,600,1
96.1,97.1,368.73,820.99,837.94,600,1
468.65,604.85,739.26,976.46,976.76,600,1
39.19,118.73,120.2,282.81,296.14,600,1
64.15,317.98,414.26,566.6,692.47,600,1
93.94,265.39,523.25,575.95,929.3,600,1
131.8,289.41,318.57,667.41,716.33,600,1
4.7,20.11,183.19,586.51,828.94,600,1
248.75,270.01,677.82,735.19,962.19,600,1
223.08,572.25,576.16,592.04,952.75,600,1
297.44,447.13,699.48,813.8,846.41,600,1
396.51,581.27,692.53,881.1,881.74,600,1
423.86,501.32,643.99,725.25,956.08,600,1
19.19,290.08,301.57,606.39,660.17,600,1
135.47,298.28,428.77,569.96,618.02,600,1
431.42,574.33,590.87,652.1,653.2,600,1
367.56,435.86,806.19,891.92,896.55,600,1
100.23,703.89,714.24,919.48,998.85,600,0
123.82,149.45,162.49,615.56,868.13,600,1
69.17,407.18,569.1,807.32,848.01,600,1
453.54,697.43,722.06,866.38,975.52,600,1
11.71,171.63,359.98,729.99,855.8,600,1
18.52,54.34,200.0,521.04,793.7,600,1
31.84,223.92,345.35,704.41,928.08,600,1
164.69,237.89,577.23,621.48,934.21,600,1
311.94,535.63,589.91,613.97,730.12,600,1
186.19,209.84,398.22,739.55,944.37,600,1
58.03,227.41,254.36,434.42,490.46,600,1
24.68,179.6,311.8,377.75,696.34,600,1
67.25,453.7,536.58,679.39,896.67,600,1
20.65,216.9,263.32,663.08,990.34,600,1
320.02,383.46,588.32,758.38,831.05,600,1
185.64,273.54,628.98,798.05,872.65,600,1
215.51,687.49,730.86,947.37,952.79,600,1
25.66,207.47,213.31,253.94,518.2,600,1
277.63,374.17,424.69,463.58,586.78,600,1
117.53,132.07,517.38,716.86,863.86,600,1
144.85,183.28,396.06,488.06,565.42,600,1
355.61,748.66,765.33,903.72,940.43,600,1
83.42,292.15,552.19,584.48,961.94,600,1
16.43,100.29,240.83,669.92,929.53,600,1
63.96,281.73,485.63,586.41,785.15,600,1
231.7,338.16,876.51,961.57,977.5,600,1
630.45,799.2,874.29,941.38,949.32,600,1
13.24,293.02,347.23,617.88,848.94,600,1
148.14,478.37,497.39,639.47,981.83,600,1
136.9,189.85,368.58,511.32,822.12,600,1
97.84,224.32,862.19,960.83,972.92,600,0
81.1,333.15,407.24,774.05,906.56,600,1
11.43,53.43,132.49,232.23,725.59,600,1
79.52,89.6,146.95,672.05,770.58,600,1
245.37,420.54,557.37,727.04,860.55,600,1
55.37,131.48,262.12,270.33,301.6,600,1
283.52,379.93,456.14,683.28,695.63,600,1
56.85,181.15,697.0,778.7,788.55,600,1
259.42,272.82,373.81,587.6,777.41,600,1
44.61,197.05,370.85,459.86,799.8,600,1
76.96,306.81,518.84,577.54,959.43,600,1
35.36,430.4,510.02,536.18,645.57,600,1
128.86,277.6,392.68,681.39,956.41,600,1
187.13,456.91,543.81,882.04,903.98,600,1
399.03,458.6,690.03,724.17,904.04,600,1
240.02,327.72,636.06,699.62,756.78,600,1
160.54,458.14,590.98,796.39,959.17,600,1
457.22,575.75,820.77,857.72,951.87,600,1
159.41,398.43,628.9,815.52,908.84,600,1
33.3,62.71,258.68,424.03,849.04,600,1
16.33,185.23,355.37,356.71,958.98,600,0
99.61,401.26,869.49,929.29,945.3,600,1
33.07,232.74,326.7,454.16,614.46,600,1
15.61,68.07,221.16,251.94,428.8,600,1
12.04,115.48,131.06,253.19,618.48,600,1
162.95,409.05,638.76,974.26,990.35,600,1
65.3,288.4,490.31,783.23,989.41,600,1
241.42,246.06,517.31,662.5,665.86,600,1
287.05,414.86,424.09,554.69,706.57,600,1
46.01,232.63,360.55,828.66,924.97,600,1
348.52,814.97,904.95,968.97,985.49,600,1
105.91,249.42,296.56,950.95,992.01,600,0
58.36,233.42,689.77,730.71,881.72,600,1
237.81,272.44,374.3,379.06,748.79,600,1
171.85,237.74,304.47,449.29,839.19,600,1
502.39,634.0,867.29,940.21,942.58,600,1
451.82,699.58,750.76,967.97,994.4,600,1
70.87,131.29,152.35,292.79,417.49,600,1
382.81,546.88,604.12,895.39,967.79,600,1
274.82,406.73,552.08,592.23,896.76,600,1
248.41,271.65,401.71,455.44,505.87,600,1
423.65,544.88,548.81,602.76,715.19,650,1
383.44,437.59,645.89,891.77,963.66,650,1
71.04,528.89,568.04,791.73,925.6,650,1
20.22,87.13,778.16,832.62,870.01,650,0
118.27,461.48,780.53,799.16,978.62,650,1
143.35,414.66,521.85,639.92,944.67,650,1
18.79,264.56,456.15,568.43,774.23,650,1
612.1,616.93,617.64,681.82,943.75,650,1
60.23,359.51,437.03,666.77,697.63,650,1
128.93,210.38,315.43,363.71,670.64,650,1
102.04,208.88,438.6,570.2,988.37,650,1
161.31,244.43,253.29,466.31,653.11,650,1
110.38,138.18,158.97,196.58,656.33,650,1
96.1,97.1,368.73,820.99,837.94,650,1
468.65,604.85,739.26,976.46,976.76,650,1
39.19,118.73,120.2,282.81,296.14,650,1
64.15,317.98,414.26,566.6,692.47,650,1
93.94,265.39,523.25,575.95,929.3,650,1
131.8,289.41,318.57,667.41,716.33,650,1
4.7,20.11,183.19,586.51,828.94,650,1
248.75,270.01,677.82,735.19,962.19,650,1
223.08,572.25,576.16,592.04,952.75,650,1
297.44,447.13,699.48,813.8,846.41,650,1
396.51,581.27,692.53,881.1,881.74,650,1
423.86,501.32,643.99,725.25,956.08,650,1
19.19,290.08,301.57,606.39,660.17,650,1
135.47,298.28,428.77,569.96,618.02,650,1
431.42,574.33,590.87,652.1,653.2,650,1
367.56,435.86,806.19,891.92,896.55,650,1
100.23,703.89,714.24,919.48,998.85,650,1
123.82,149.45,162.49,615.56,868.13,650,1
69.17,407.18,569.1,807.32,848.01,650,1
453.54,697.43,722.06,866.38,975.52,650,1
11.71,171.63,359.98,729.99,855.8,650,1
18.52,54.34,200.0,521.04,793.7,650,1
31.84,223.92,345.35,704.41,928.08,650,1
164.69,237.89,577.23,621.48,934.21,650,1
311.94,535.63,589.91,613.97,730.12,650,1
186.19,209.84,398.22,739.55,944.37,650,1
58.03,227.41,254.36,434.42,490.46,650,1
24.68,179.6,311.8,377.75,696.34,650,1
67.25,453.7,536.58,679.39,896.67,650,1
20.65,216.9,263.32,663.08,990.34,650,1
320.02,383.46,588.32,758.38,831.05,650,1
185.64,273.54,628.98,798.05,872.65,650,1
215.51,687.49,730.86,947.37,952.79,650,1
25.66,207.47,213.31,253.94,518.2,650,1
277.63,374.17,424.69,463.58,586.78,650,1
117.53,132.07,517.38,716.86,863.86,650,1
144.85,183.28,396.06,488.06,565.42,650,1
355.61,748.66,765.33,903.72,940.43,650,1
83.42,292.15,552.19,584.48,961.94,650,1
16.43,100.29,240.83,669.92,929.53,650,1
63.96,281.73,485.63,586.41,785.15,650,1
231.7,338.16,876.51,961.57,977.5,650,1
630.45,799.2,874.29,941.38,949.32,650,1
13.24,293.02,347.23,617.88,848.94,650,1
148.14,478.37,497.39,639.47,981.83,650,1
136.9,189.85,368.58,511.32,822.12,650,1
97.84,224.32,862.19,960.83,972.92,650,1
81.1,333.15,407.24,774.05,906.56,650,1
11.43,53.43,132.49,232.23,725.59,650,1
79.52,89.6,146.95,672.05,770.58,650,1
245.37,420.54,557.37,727.04,860.55,650,1
55.37,131.48,262.12,270.33,301.6,650,1
283.52,379.93,456.14,683.28,695.63,650,1
56.85,181.15,697.0,778.7,788.55,650,1
259.42,272.82,373.81,587.6,777.41,650,1
44.61,197.05,370.85,459.86,799.8,650,1
76.96,306.81,518.84,577.54,959.43,650,1
35.36,430.4,510.02,536.18,645.57,650,1
128.86,277.6,392.68,681.39,956.41,650,1
187.13,456.91,543.81,882.04,903.98,650,1
399.03,458.6,690.03,724.17,904.04,650,1
240.02,327.72,636.06,699.62,756.78,650,1
160.54,458.14,590.98,796.39,959.17,650,1
457.22,575.75,820.77,857.72,951.87,650,1
159.41,398.43,628.9,815.52,908.84,650,1
33.3,62.71,258.68,424.03,849.04,650,1
16.33,185.23,355.37,356.71,958.98,650,1
99.61,401.26,869.49,929.29,945.3,650,1
33.07,232.74,326.7,454.16,614.46,650,1
15.61,68.07,221.16,251.94,428.8,650,1
12.04,115.48,131.06,253.19,618.48,650,1
162.95,409.05,638.76,974.26,990.35,650,1
65.3,288.4,490.31,783.23,989.41,650,1
241.42,246.06,517.31,662.5,665.86,650,1
287.05,414.86,424.09,554.69,706.57,650,1
46.01,232.63,360.55,828.66,924.97,650,1
348.52,814.97,904.95,968.97,985.49,650,1
105.91,249.42,296.56,950.95,992.01,650,0
58.36,233.42,689.77,730.71,881.72,650,1
237.81,272.44,374.3,379.06,748.79,650,1
171.85,237.74,304.47,449.29,839.19,650,1
502.39,634.0,867.29,940.21,942.58,650,1
451.82,699.58,750.76,967.97,994.4,650,1
70.87,131.29,152.35,292.79,417.49,650,1
382.81,546.88,604.12,895.39,967.79,650,1
274.82,406.73,552.08,592.23,896.76,650,1
248.41,271.65,401.71,455.44,505.87,650,1
423.65,544.88,548.81,602.76,715.19,700,1
383.44,437.59,645.89,891.77,963.66,700,1
71.04,528.89,568.04,791.73,925.6,700,1
20.22,87.13,778.16,832.62,870.01,700,1
118.27,461.48,780.53,799.16,978.62,700,1
143.35,414.66,521.85,639.92,944.67,700,1
18.79,264.56,456.15,568.43,774.23,700,1
612.1,616.93,617.64,681.82,943.75,700,1
60.23,359.51,437.03,666.77,697.63,700,1
128.93,210.38,315.43,363.71,670.64,700,1
102.04,208.88,438.6,570.2,988.37,700,1
161.31,244.43,253.29,466.31,653.11,700,1
110.38,138.18,158.97,196.58,656.33,700,1
96.1,97.1,368.73,820.99,837.94,700,1
468.65,604.85,739.26,976.46,976.76,700,1
39.19,118.73,120.2,282.81,296.14,700,1
64.15,317.98,414.26,566.6,692.47,700,1
93.94,265.39,523.25,575.95,929.3,700,1
131.8,289.41,318.57,667.41,716.33,700,1
4.7,20.11,183.19,586.51,828.94,700,1
248.75,270.01,677.82,735.19,962.19,700,1
223.08,572.25,576.16,592.04,952.75,700,1
297.44,447.13,699.48,813.8,846.41,700,1
396.51,581.27,692.53,881.1,881.74,700,1
423.86,501.32,643.99,725.25,956.08,700,1
19.19,290.08,301.57,606.39,660.17,700,1
135.47,298.28,428.77,569.96,618.02,700,1
431.42,574.33,590.87,652.1,653.2,700,1
367.56,435.86,806.19,891.92,896.55,700,1
100.23,703.89,714.24,919.48,998.85,700,1
123.82,149.45,162.49,615.56,868.13,700,1
69.17,407.18,569.1,807.32,848.01,700,1
453.54,697.43,722.06,866.38,975.52,700,1
11.71,171.63,359.98,729.99,855.8,700,1
18.52,54.34,200.0,521.04,793.7,700,1
31.84,223.92,345.35,704.41,928.08,700,1
164.69,237.89,577.23,621.48,934.21,700,1
311.94,535.63,589.91,613.97,730.12,700,1
186.19,209.84,398.22,739.55,944.37,700,1
58.03,227.41,254.36,434.42,490.46,700,1
24.68,179.6,311.8,377.75,696.34,700,1
67.25,453.7,536.58,679.39,896.67,700,1
20.65,216.9,263.32,663.08,990.34,700,1
320.02,383.46,588.32,758.38,831.05,700,1
185.64,273.54,628.98,798.05,872.65,700,1
215.51,687.49,730.86,947.37,952.79,700,1
25.66,207.47,213.31,253.94,518.2,700,1
277.63,374.17,424.69,463.58,586.78,700,1
117.53,132.07,517.38,716.86,863.86,700,1
144.85,183.28,396.06,488.06,565.42,700,1
355.61,748.66,765.33,903.72,940.43,700,1
83.42,292.15,552.19,584.48,961.94,700,1
16.43,100.29,240.83,669.92,929.53,700,1
63.96,281.73,485.63,586.41,785.15,700,1
231.7,338.16,876.51,961.57,977.5,700,1
630.45,799.2,874.29,941.38,949.32,700,1
13.24,293.02,347.23,617.88,848.94,700,1
148.14,478.37,497.39,639.47,981.83,700,1
136.9,189.85,368.58,511.32,822.12,700,1
97.84,224.32,862.19,960.83,972.92,700,1
81.1,333.15,407.24,774.05,906.56,700,1
11.43,53.43,132.49,232.23,725.59,700,1
79.52,89.6,146.95,672.05,770.58,700,1
245.37,420.54,557.37,727.04,860.55,700,1
55.37,131.48,262.12,270.33,301.6,700,1
283.52,379.93,456.14,683.28,695.63,700,1
56.85,181.15,697.0,778.7,788.55,700,1
259.42,272.82,373.81,587.6,777.41,700,1
44.61,197.05,370.85,459.86,799.8,700,1
76.96,306.81,518.84,577.54,959.43,700,1
35.36,430.4,510.02,536.18,645.57,700,1
128.86,277.6,392.68,681.39,956.41,700,1
187.13,456.91,543.81,882.04,903.98,700,1
399.03,458.6,690.03,724.17,904.04,700,1
240.02,327.72,636.06,699.62,756.78,700,1
160.54,458.14,590.98,796.39,959.17,700,1
457.22,575.75,820.77,857.72,951.87,700,1
159.41,398.43,628.9,815.52,908.84,700,1
33.3,62.71,258.68,424.03,849.04,700,1
16.33,185.23,355.37,356.71,958.98,700,1
99.61,401.26,869.49,929.29,945.3,700,1
33.07,232.74,326.7,454.16,614.46,700,1
15.61,68.07,221.16,251.94,428.8,700,1
12.04,115.48,131.06,253.19,618.48,700,1
162.95,409.05,638.76,974.26,990.35,700,1
65.3,288.4,490.31,783.23,989.41,700,1
241.42,246.06,517.31,662.5,665.86,700,1
287.05,414.86,424.09,554.69,706.57,700,1
46.01,232.63,360.55,828.66,924.97,700,1
348.52,814.97,904.95,968.97,985.49,700,1
105.91,249.42,296.56,950.95,992.01,700,1
58.36,233.42,689.77,730.71,881.72,700,1
237.81,272.44,374.3,379.06,748.79,700,1
171.85,237.74,304.47,449.29,839.19,700,1
502.39,634.0,867.29,940.21,942.58,700,1
451.82,699.58,750.76,967.97,994.4,700,1
70.87,131.29,152.35,292.79,417.49,700,1
382.81,546.88,604.12,895.39,967.79,700,1
274.82,406.73,552.08,592.23,896.76,700,1
248.41,271.65,401.71,455.44,505.87,700,1
423.65,544.88,548.81,602.76,715.19,750,1
383.44,437.59,645.89,891.77,963.66,750,1
71.04,528.89,568.04,791.73,925.6,750,1
20.22,87.13,778.16,832.62,870.01,750,1
118.27,461.48,780.53,799.16,978.62,750,1
143.35,414.66,521.85,639.92,944.67,750,1
18.79,264.56,456.15,568.43,774.23,750,1
612.1,616.93,617.64,681.82,943.75,750,1
60.23,359.51,437.03,666.77,697.63,750,1
128.93,210.38,315.43,363.71,670.64,750,1
102.04,208.88,438.6,570.2,988.37,750,1
161.31,244.43,253.29,466.31,653.11,750,1
110.38,138.18,158.97,196.58,656.33,750,1
96.1,97.1,368.73,820.99,837.94,750,1
468.65,604.85,739.26,976.46,976.76,750,1
39.19,118.73,120.2,282.81,296.14,750,1
64.15,317.98,414.26,566.6,692.47,750,1
93.94,265.39,523.25,575.95,929.3,750,1
131.8,289.41,318.57,667.41,716.33,750,1
4.7,20.11,183.19,586.51,828.94,750,1
248.75,270.01,677.82,735.19,962.19,750,1
223.08,572.25,576.16,592.04,952.75,750,1
297.44,447.13,699.48,813.8,846.41,750,1
396.51,581.27,692.53,881.1,881.74,750,1
423.86,501.32,643.99,725.25,956.08,750,1
19.19,290.08,301.57,606.39,660.17,750,1
135.47,298.28,428.77,569.96,618.02,750,1
431.42,574.33,590.87,652.1,653.2,750,1
367.56,435.86,806.19,891.92,896.55,750,1
100.23,703.89,714.24,919.48,998.85,750,1
123.82,149.45,162.49,615.56,868.13,750,1
69.17,407.18,569.1,807.32,848.01,750,1
453.54,697.43,722.06,866.38,975.52,750,1
11.71,171.63,359.98,729.99,855.8,750,1
18.52,54.34,200.0,521.04,793.7,750,1
31.84,223.92,345.35,704.41,928.08,750,1
164.69,237.89,577.23,621.48,934.21,750,1
311.94,535.63,589.91,613.97,730.12,750,1
186.19,209.84,398.22,739.55,944.37,750,1
58.03,227.41,254.36,434.42,490.46,750,1
24.68,179.6,311.8,377.75,696.34,750,1
67.25,453.7,536.58,679.39,896.67,750,1
20.65,216.9,263.32,663.08,990.34,750,1
320.02,383.46,588.32,758.38,831.05,750,1
185.64,273.54,628.98,798.05,872.65,750,1
215.51,687.49,730.86,947.37,952.79,750,1
25.66,207.47,213.31,253.94,518.2,750,1
277.63,374.17,424.69,463.58,586.78,750,1
117.53,132.07,517.38,716.86,863.86,750,1
144.85,183.28,396.06,488.06,565.42,750,1
355.61,748.66,765.33,903.72,940.43,750,1
83.42,292.15,552.19,584.48,961.94,750,1
16.43,100.29,240.83,669.92,929.53,750,1
63.96,281.73,485.63,586.41,785.15,750,1
231.7,338.16,876.51,961.57,977.5,750,1
630.45,799.2,874.29,941.38,949.32,750,1
13.24,293.02,347.23,617.88,848.94,750,1
148.14,478.37,497.39,639.47,981.83,750,1
136.9,189.85,368.58,511.32,822.12,750,1
97.84,224.32,862.19,960.83,972.92,750,1
81.1,333.15,407.24,774.05,906.56,750,1
11.43,53.43,132.49,232.23,725.59,750,1
79.52,89.6,146.95,672.05,770.58,750,1
245.37,420.54,557.37,727.04,860.55,750,1
55.37,131.48,262.12,270.33,301.6,750,1
283.52,379.93,456.14,683.28,695.63,750,1
56.85,181.15,697.0,778.7,788.55,750,1
259.42,272.82,373.81,587.6,777.41,750,1
44.61,197.05,370.85,459.86,799.8,750,1
76.96,306.81,518.84,577.54,959.43,750,1
35.36,430.4,510.02,536.18,645.57,750,1
128.86,277.6,392.68,681.39,956.41,750,1
187.13,456.91,543.81,882.04,903.98,750,1
399.03,458.6,690.03,724.17,904.04,750,1
240.02,327.72,636.06,699.62,756.78,750,1
160.54,458.14,590.98,796.39,959.17,750,1
457.22,575.75,820.77,857.72,951.87,750,1
159.41,398.43,628.9,815.52,908.84,750,1
33.3,62.71,258.68,424.03,849.04,750,1
16.33,185.23,355.37,356.71,958.98,750,1
99.61,401.26,869.49,929.29,945.3,750,1
33.07,232.74,326.7,454.16,614.46,750,1
15.61,68.07,221.16,251.94,428.8,750,1
12.04,115.48,131.06,253.19,618.48,750,1
162.95,409.05,638.76,974.26,990.35,750,1
65.3,288.4,490.31,783.23,989.41,750,1
241.42,246.06,517.31,662.5,665.86,750,1
287.05,414.86,424.09,554.69,706.57,750,1
46.01,232.63,360.55,828.66,924.97,750,1
348.52,814.97,904.95,968.97,985.49,750,1
105.91,249.42,296.56,950.95,992.01,750,1
58.36,233.42,689.77,730.71,881.72,750,1
237.81,272.44,374.3,379.06,748.79,750,1
171.85,237.74,304.47,449.29,839.19,750,1
502.39,634.0,867.29,940.21,942.58,750,1
451.82,699.58,750.76,967.97,994.4,750,1
70.87,131.29,152.35,292.79,417.49,750,1
382.81,546.88,604.12,895.39,967.79,750,1
274.82,406.73,552.08,592.23,896.76,750,1
248.41,271.65,401.71,455.44,505.87,750,1
423.65,544.88,548.81,602.76,715.19,800,1
383.44,437.59,645.89,891.77,963.66,800,1
71.04,528.89,568.04,791.73,925.6,800,1
20.22,87.13,778.16,832.62,870.01,800,1
118.27,461.48,780.53,799.16,978.62,800,1
143.35,414.66,521.85,639.92,944.67,800,1
18.79,264.56,456.15,568.43,774.23,800,1
612.1,616.93,617.64,681.82,943.75,800,1
60.23,359.51,437.03,666.77,697.63,800,1
128.93,210.38,315.43,363.71,670.64,800,1
102.04,208.88,438.6,570.2,988.37,800,1
161.31,244.43,253.29,466.31,653.11,800,1
110.38,138.18,158.97,196.58,656.33,800,1
96.1,97.1,368.73,820.99,837.94,800,1
468.65,604.85,739.26,976.46,976.76,800,1
39.19,118.73,120.2,282.81,296.14,800,1
64.15,317.98,414.26,566.6,692.47,800,1
93.94,265.39,523.25,575.95,929.3,800,1
131.8,289.41,318.57,667.41,716.33,800,1
4.7,20.11,183.19,586.51,828.94,800,1
248.75,270.01,677.82,735.19,962.19,800,1
223.08,572.25,576.16,592.04,952.75,800,1
297.44,447.13,699.48,813.8,846.41,800,1
396.51,581.27,692.53,881.1,881.74,800,1
423.86,501.32,643.99,725.25,956.08,800,1
19.19,290.08,301.57,606.39,660.17,800,1
135.47,298.28,428.77,569.96,618.02,800,1
431.42,574.33,590.87,652.1,653.2,800,1
367.56,435.86,806.19,891.92,896.55,800,1
100.23,703.89,714.24,919.48,998.85,800,1
123.82,149.45,162.49,615.56,868.13,800,1
69.17,407.18,569.1,807.32,848.01,800,1
453.54,697.43,722.06,866.38,975.52,800,1
11.71,171.63,359.98,729.99,855.8,800,1
18.52,54.34,200.0,521.04,793.7,800,1
31.84,223.92,345.35,704.41,928.08,800,1
164.69,237.89,577.23,621.48,934.21,800,1
311.94,535.63,589.91,613.97,730.12,800,1
186.19,209.84,398.22,739.55,944.37,800,1
58.03,227.41,254.36,434.42,490.46,800,1
24.68,179.6,311.8,377.75,696.34,800,1
67.25,453.7,536.58,679.39,896.67,800,1
20.65,216.9,263.32,663.08,990.34,800,1
320.02,383.46,588.32,758.38,831.05,800,1
185.64,273.54,628.98,798.05,872.65,800,1
215.51,687.49,730.86,947.37,952.79,800,1
25.66,207.47,213.31,253.94,518.2,800,1
277.63,374.17,424.69,463.58,586.78,800,1
117.53,132.07,517.38,716.86,863.86,800,1
144.85,183.28,396.06,488.06,565.42,800,1
355.61,748.66,765.33,903.72,940.43,800,1
83.42,292.15,552.19,584.48,961.94,800,1
16.43,100.29,240.83,669.92,929.53,800,1
63.96,281.73,485.63,586.41,785.15,800,1
231.7,338.16,876.51,961.57,977.5,800,1
630.45,799.2,874.29,941.38,949.32,800,1
13.24,293.02,347.23,617.88,848.94,800,1
148.14,478.37,497.39,639.47,981.83,800,1
136.9,189.85,368.58,511.32,822.12,800,1
97.84,224.32,862.19,960.83,972.92,800,1
81.1,333.15,407.24,774.05,906.56,800,1
11.43,53.43,132.49,232.23,725.59,800,1
79.52,89.6,146.95,672.05,770.58,800,1
245.37,420.54,557.37,727.04,860.55,800,1
55.37,131.48,262.12,270.33,301.6,800,1
283.52,379.93,456.14,683.28,695.63,800,1
56.85,181.15,697.0,778.7,788.55,800,1
259.42,272.82,373.81,587.6,777.41,800,1
44.61,197.05,370.85,459.86,799.8,800,1
76.96,306.81,518.84,577.54,959.43,800,1
35.36,430.4,510.02,536.18,645.57,800,1
128.86,277.6,392.68,681.39,956.41,800,1
187.13,456.91,543.81,882.04,903.98,800,1
399.03,458.6,690.03,724.17,904.04,800,1
240.02,327.72,636.06,699.62,756.78,800,1
160.54,458.14,590.98,796.39,959.17,800,1
457.22,575.75,820.77,857.72,951.87,800,1
159.41,398.43,628.9,815.52,908.84,800,1
33.3,62.71,258.68,424.03,849.04,800,1
16.33,185.23,355.37,356.71,958.98,800,1
99.61,401.26,869.49,929.29,945.3,800,1
33.07,232.74,326.7,454.16,614.46,800,1
15.61,68.07,221.16,251.94,428.8,800,1
12.04,115.48,131.06,253.19,618.48,800,1
162.95,409.05,638.76,974.26,990.35,800,1
65.3,288.4,490.31,783.23,989.41,800,1
241.42,246.06,517.31,662.5,665.86,800,1
287.05,414.86,424.09,554.69,706.57,800,1
46.01,232.63,360.55,828.66,924.97,800,1
348.52,814.97,904.95,968.97,985.49,800,1
105.91,249.42,296.56,950.95,992.01,800,1
58.36,233.42,689.77,730.71,881.72,800,1
237.81,272.44,374.3,379.06,748.79,800,1
171.85,237.74,304.47,449.29,839.19,800,1
502.39,634.0,867.29,940.21,942.58,800,1
451.82,699.58,750.76,967.97,994.4,800,1
70.87,131.29,152.35,292.79,417.49,800,1
382.81,546.88,604.12,895.39,967.79,800,1
274.82,406.73,552.08,592.23,896.76,800,1
248.41,271.65,401.71,455.44,505.87,800,1
423.65,544.88,548.81,602.76,715.19,850,1
383.44,437.59,645.89,891.77,963.66,850,1
71.04,528.89,568.04,791.73,925.6,850,1
20.22,87.13,778.16,832.62,870.01,850,1
118.27,461.48,780.53,799.16,978.62,850,1
143.35,414.66,521.85,639.92,944.67,850,1
18.79,264.56,456.15,568.43,774.23,850,1
612.1,616.93,617.64,681.82,943.75,850,1
60.23,359.51,437.03,666.77,697.63,850,1
128.93,210.38,315.43,363.71,670.64,850,1
102.04,208.88,438.6,570.2,988.37,850,1
161.31,244.43,253.29,466.31,653.11,850,1
110.38,138.18,158.97,196.58,656.33,850,1
96.1,97.1,368.73,820.99,837.94,850,1
468.65,604.85,739.26,976.46,976.76,850,1
39.19,118.73,120.2,282.81,296.14,850,1
64.15,317.98,414.26,566.6,692.47,850,1
93.94,265.39,523.25,575.95,929.3,850,1
131.8,289.41,318.57,667.41,716.33,850,1
4.7,20.11,183.19,586.51,828.94,850,1
248.75,270.01,677.82,735.19,962.19,850,1
223.08,572.25,576.16,592.04,952.75,850,1
297.44,447.13,699.48,813.8,846.41,850,1
396.51,581.27,692.53,881.1,881.74,850,1
423.86,501.32,643.99,725.25,956.08,850,1
19.19,290.08,301.57,606.39,660.17,850,1
135.47,298.28,428.77,569.96,618.02,850,1
431.42,574.33,590.87,652.1,653.2,850,1
367.56,435.86,806.19,891.92,896.55,850,1
100.23,703.89,714.24,919.48,998.85,850,1
123.82,149.45,162.49,615.56,868.13,850,1
69.17,407.18,569.1,807.32,848.01,850,1
453.54,697.43,722.06,866.38,975.52,850,1
11.71,171.63,359.98,729.99,855.8,850,1
18.52,54.34,200.0,521.04,793.7,850,1
31.84,223.92,345.35,704.41,928.08,850,1
164.69,237.89,577.23,621.48,934.21,850,1
311.94,535.63,589.91,613.97,730.12,850,1
186.19,209.84,398.22,739.55,944.37,850,1
58.03,227.41,254.36,434.42,490.46,850,1
24.68,179.6,311.8,377.75,696.34,850,1
67.25,453.7,536.58,679.39,896.67,850,1
20.65,216.9,263.32,663.08,990.34,850,1
320.02,383.46,588.32,758.38,831.05,850,1
185.64,273.54,628.98,798.05,872.65,850,1
215.51,687.49,730.86,947.37,952.79,850,1
25.66,207.47,213.31,253.94,518.2,850,1
277.63,374.17,424.69,463.58,586.78,850,1
117.53,132.07,517.38,716.86,863.86,850,1
144.85,183.28,396.06,488.06,565.42,850,1
355.61,748.66,765.33,903.72,940.43,850,1
83.42,292.15,552.19,584.48,961.94,850,1
16.43,100.29,240.83,669.92,929.53,850,1
63.96,281.73,485.63,586.41,785.15,850,1
231.7,338.16,876.51,961.57,977.5,850,1
630.45,799.2,874.29,941.38,949.32,850,1
13.24,293.02,347.23,617.88,848.94,850,1
148.14,478.37,497.39,639.47,981.83,850,1
136.9,189.85,368.58,511.32,822.12,850,1
97.84,224.32,862.19,960.83,972.92,850,1
81.1,333.15,407.24,774.05,906.56,850,1
11.43,53.43,132.49,232.23,725.59,850,1
79.52,89.6,146.95,672.05,770.58,850,1
245.37,420.54,557.37,727.04,860.55,850,1
55.37,131.48,262.12,270.33,301.6,850,1
283.52,379.93,456.14,683.28,695.63,850,1
56.85,181.15,697.0,778.7,788.55,850,1
259.42,272.82,373.81,587.6,777.41,850,1
44.61,197.05,370.85,459.86,799.8,850,1
76.96,306.81,518.84,577.54,959.43,850,1
35.36,430.4,510.02,536.18,645.57,850,1
128.86,277.6,392.68,681.39,956.41,850,1
187.13,456.91,543.81,882.04,903.98,850,1
399.03,458.6,690.03,724.17,904.04,850,1
240.02,327.72,636.06,699.62,756.78,850,1
160.54,458.14,590.98,796.39,959.17,850,1
457.22,575.75,820.77,857.72,951.87,850,1
159.41,398.43,628.9,815.52,908.84,850,1
33.3,62.71,258.68,424.03,849.04,850,1
16.33,185.23,355.37,356.71,958.98,850,1
99.61,401.26,869.49,929.29,945.3,850,1
33.07,232.74,326.7,454.16,614.46,850,1
15.61,68.07,221.16,251.94,428.8,850,1
12.04,115.48,131.06,253.19,618.48,850,1
162.95,409.05,638.76,974.26,990.35,850,1
65.3,288.4,490.31,783.23,989.41,850,1
241.42,246.06,517.31,662.5,665.86,850,1
287.05,414.86,424.09,554.69,706.57,850,1
46.01,232.63,360.55,828.66,924.97,850,1
348.52,814.97,904.95,968.97,985.49,850,1
105.91,249.42,296.56,950.95,992.01,850,1
58.36,233.42,689.77,730.71,881.72,850,1
237.81,272.44,374.3,379.06,748.79,850,1
171.85,237.74,304.47,449.29,839.19,850,1
502.39,634.0,867.29,940.21,942.58,850,1
451.82,699.58,750.76,967.97,994.4,850,1
70.87,131.29,152.35,292.79,417.49,850,1
382.81,546.88,604.12,895.39,967.79,850,1
274.82,406.73,552.08,592.23,896.76,850,1
248.41,271.65,401.71,455.44,505.87,850,1
423.65,544.88,548.81,602.76,715.19,900,1
383.44,437.59,645.89,891.77,963.66,900,1
71.04,528.89,568.04,791.73,925.6,900,1
20.22,87.13,778.16,832.62,870.01,900,1
118.27,461.48,780.53,799.16,978.62,900,1
143.35,414.66,521.85,639.92,944.67,900,1
18.79,264.56,456.15,568.43,774.23,900,1
612.1,616.93,617.64,681.82,943.75,900,1
60.23,359.51,437.03,666.77,697.63,900,1
128.93,210.38,315.43,363.71,670.64,900,1
102.04,208.88,438.6,570.2,988.37,900,1
161.31,244.43,253.29,466.31,653.11,900,1
110.38,138.18,158.97,196.58,656.33,900,1
96.1,97.1,368.73,820.99,837.94,900,1
468.65,604.85,739.26,976.46,976.76,900,1
39.19,118.73,120.2,282.81,296.14,900,1
64.15,317.98,414.26,566.6,692.47,900,1
93.94,265.39,523.25,575.95,929.3,900,1
131.8,289.41,318.57,667.41,716.33,900,1
4.7,20.11,183.19,586.51,828.94,900,1
248.75,270.01,677.82,735.19,962.19,900,1
223.08,572.25,576.16,592.04,952.75,900,1
297.44,447.13,699.48,813.8,846.41,900,1
396.51,581.27,692.53,881.1,881.74,900,1
423.86,501.32,643.99,725.25,956.08,900,1
19.19,290.08,301.57,606.39,660.17,900,1
135.47,298.28,428.77,569.96,618.02,900,1
431.42,574.33,590.87,652.1,653.2,900,1
367.56,435.86,806.19,891.92,896.55,900,1
100.23,703.89,714.24,919.48,998.85,900,1
123.82,149.45,162.49,615.56,868.13,900,1
69.17,407.18,569.1,807.32,848.01,900,1
453.54,697.43,722.06,866.38,975.52,900,1
11.71,171.63,359.98,729.99,855.8,900,1
18.52,54.34,200.0,521.04,793.7,900,1
31.84,223.92,345.35,704.41,928.08,900,1
164.69,237.89,577.23,621.48,934.21,900,1
311.94,535.63,589.91,613.97,730.12,900,1
186.19,209.84,398.22,739.55,944.37,900,1
58.03,227.41,254.36,434.42,490.46,900,1
24.68,179.6,311.8,377.75,696.34,900,1
67.25,453.7,536.58,679.39,896.67,900,1
20.65,216.9,263.32,663.08,990.34,900,1
320.02,383.46,588.32,758.38,831.05,900,1
185.64,273.54,628.98,798.05,872.65,900,1
215.51,687.49,730.86,947.37,952.79,900,1
25.66,207.47,213.31,253.94,518.2,900,1
277.63,374.17,424.69,463.58,586.78,900,1
117.53,132.07,517.38,716.86,863.86,900,1
144.85,183.28,396.06,488.06,565.42,900,1
355.61,748.66,765.33,903.72,940.43,900,1
83.42,292.15,552.19,584.48,961.94,900,1
16.43,100.29,240.83,669.92,929.53,900,1
63.96,281.73,485.63,586.41,785.15,900,1
231.7,338.16,876.51,961.57,977.5,900,1
630.45,799.2,874.29,941.38,949.32,900,1
13.24,293.02,347.23,617.88,848.94,900,1
148.14,478.37,497.39,639.47,981.83,900,1
136.9,189.85,368.58,511.32,822.12,900,1
97.84,224.32,862.19,960.83,972.92,900,1
81.1,333.15,407.24,774.05,906.56,900,1
11.43,53.43,132.49,232.23,725.59,900,1
79.52,89.6,146.95,672.05,770.58,900,1
245.37,420.54,557.37,727.04,860.55,900,1
55.37,131.48,262.12,270.33,301.6,900,1
283.52,379.93,456.14,683.28,695.63,900,1
56.85,181.15,697.0,778.7,788.55,900,1
259.42,272.82,373.81,587.6,777.41,900,1
44.61,197.05,370.85,459.86,799.8,900,1
76.96,306.81,518.84,577.54,959.43,900,1
35.36,430.4,510.02,536.18,645.57,900,1
128.86,277.6,392.68,681.39,956.41,900,1
187.13,456.91,543.81,882.04,903.98,900,1
399.03,458.6,690.03,724.17,904.04,900,1
240.02,327.72,636.06,699.62,756.78,900,1
160.54,458.14,590.98,796.39,959.17,900,1
457.22,575.75,820.77,857.72,951.87,900,1
159.41,398.43,628.9,815.52,908.84,900,1
33.3,62.71,258.68,424.03,849.04,900,1
16.33,185.23,355.37,356.71,958.98,900,1
99.61,401.26,869.49,929.29,945.3,900,1
33.07,232.74,326.7,454.16,614.46,900,1
15.61,68.07,221.16,251.94,428.8,900,1
12.04,115.48,131.06,253.19,618.48,900,1
162.95,409.05,638.76,974.26,990.35,900,1
65.3,288.4,490.31,783.23,989.41,900,1
241.42,246.06,517.31,662.5,665.86,900,1
287.05,414.86,424.09,554.69,706.57,900,1
46.01,232.63,360.55,828.66,924.97,900,1
348.52,814.97,904.95,968.97,985.49,900,1
105.91,249.42,296.56,950.95,992.01,900,1
58.36,233.42,689.77,730.71,881.72,900,1
237.81,272.44,374.3,379.06,748.79,900,1
171.85,237.74,304.47,449.29,839.19,900,1
502.39,634.0,867.29,940.21,942.58,900,1
451.82,699.58,750.76,967.97,994.4,900,1
70.87,131.29,152.35,292.79,417.49,900,1
382.81,546.88,604.12,895.39,967.79,900,1
274.82,406.73,552.08,592.23,896.76,900,1
248.41,271.65,401.71,455.44,505.87,900,1
423.65,544.88,548.81,602.76,715.19,950,1
383.44,437.59,645.89,891.77,963.66,950,1
71.04,528.89,568.04,791.73,925.6,950,1
20.22,87.13,778.16,832.62,870.01,950,1
118.27,461.48,780.53,799.16,978.62,950,1
143.35,414.66,521.85,639.92,944.67,950,1
18.79,264.56,456.15,568.43,774.23,950,1
612.1,616.93,617.64,681.82,943.75,950,1
60.23,359.51,437.03,666.77,697.63,950,1
128.93,210.38,315.43,363.71,670.64,950,1
102.04,208.88,438.6,570.2,988.37,950,1
161.31,244.43,253.29,466.31,653.11,950,1
110.38,138.18,158.97,196.58,656.33,950,1
96.1,97.1,368.73,820.99,837.94,950,1
468.65,604.85,739.26,976.46,976.76,950,1
39.19,118.73,120.2,282.81,296.14,950,1
64.15,317.98,414.26,566.6,692.47,950,1
93.94,265.39,523.25,575.95,929.3,950,1
131.8,289.41,318.57,667.41,716.33,950,1
4.7,20.11,183.19,586.51,828.94,950,1
248.75,270.01,677.82,735.19,962.19,950,1
223.08,572.25,576.16,592.04,952.75,950,1
297.44,447.13,699.48,813.8,846.41,950,1
396.51,581.27,692.53,881.1,881.74,950,1
423.86,501.32,643.99,725.25,956.08,950,1
19.19,290.08,301.57,606.39,660.17,950,1
135.47,298.28,428.77,569.96,618.02,950,1
431.42,574.33,590.87,652.1,653.2,950,1
367.56,435.86,806.19,891.92,896.55,950,1
100.23,703.89,714.24,919.48,998.85,950,1
123.82,149.45,162.49,615.56,868.13,950,1
69.17,407.18,569.1,807.32,848.01,950,1
453.54,697.43,722.06,866.38,975.52,950,1
11.71,171.63,359.98,729.99,855.8,950,1
18.52,54.34,200.0,521.04,793.7,950,1
31.84,223.92,345.35,704.41,928.08,950,1
164.69,237.89,577.23,621.48,934.21,950,1
311.94,535.63,589.91,613.97,730.12,950,1
186.19,209.84,398.22,739.55,944.37,950,1
58.03,227.41,254.36,434.42,490.46,950,1
24.68,179.6,311.8,377.75,696.34,950,1
67.25,453.7,536.58,679.39,896.67,950,1
20.65,216.9,263.32,663.08,990.34,950,1
320.02,383.46,588.32,758.38,831.05,950,1
185.64,273.54,628.98,798.05,872.65,950,1
215.51,687.49,730.86,947.37,952.79,950,1
25.66,207.47,213.31,253.94,518.2,950,1
277.63,374.17,424.69,463.58,586.78,950,1
117.53,132.07,517.38,716.86,863.86,950,1
144.85,183.28,396.06,488.06,565.42,950,1
355.61,748.66,765.33,903.72,940.43,950,1
83.42,292.15,552.19,584.48,961.94,950,1
16.43,100.29,240.83,669.92,929.53,950,1
63.96,281.73,485.63,586.41,785.15,950,1
231.7,338.16,876.51,961.57,977.5,950,1
630.45,799.2,874.29,941.38,949.32,950,1
13.24,293.02,347.23,617.88,848.94,950,1
148.14,478.37,497.39,639.47,981.83,950,1
136.9,189.85,368.58,511.32,822.12,950,1
97.84,224.32,862.19,960.83,972.92,950,1
81.1,333.15,407.24,774.05,906.56,950,1
11.43,53.43,132.49,232.23,725.59,950,1
79.52,89.6,146.95,672.05,770.58,950,1
245.37,420.54,557.37,727.04,860.55,950,1
55.37,131.48,262.12,270.33,301.6,950,1
283.52,379.93,456.14,683.28,695.63,950,1
56.85,181.15,697.0,778.7,788.55,950,1
259.42,272.82,373.81,587.6,777.41,950,1
44.61,197.05,370.85,459.86,799.8,950,1
76.96,306.81,518.84,577.54,959.43,950,1
35.36,430.4,510.02,536.18,645.57,950,1
128.86,277.6,392.68,681.39,956.41,950,1
187.13,456.91,543.81,882.04,903.98,950,1
399.03,458.6,690.03,724.17,904.04,950,1
240.02,327.72,636.06,699.62,756.78,950,1
160.54,458.14,590.98,796.39,959.17,950,1
457.22,575.75,820.77,857.72,951.87,950,1
159.41,398.43,628.9,815.52,908.84,950,1
33.3,62.71,258.68,424.03,849.04,950,1
16.33,185.23,355.37,356.71,958.98,950,1
99.61,401.26,869.49,929.29,945.3,950,1
33.07,232.74,326.7,454.16,614.46,950,1
15.61,68.07,221.16,251.94,428.8,950,1
12.04,115.48,131.06,253.19,618.48,950,1
162.95,409.05,638.76,974.26,990.35,950,1
65.3,288.4,490.31,783.23,989.41,950,1
241.42,246.06,517.31,662.5,665.86,950,1
287.05,414.86,424.09,554.69,706.57,950,1
46.01,232.63,360.55,828.66,924.97,950,1
348.52,814.97,904.95,968.97,985.49,950,1
105.91,249.42,296.56,950.95,992.01,950,1
58.36,233.42,689.77,730.71,881.72,950,1
237.81,272.44,374.3,379.06,748.79,950,1
171.85,237.74,304.47,449.29,839.19,950,1
502.39,634.0,867.29,940.21,942.58,950,1
451.82,699.58,750.76,967.97,994.4,950,1
70.87,131.29,152.35,292.79,417.49,950,1
382.81,546.88,604.12,895.39,967.79,950,1
274.82,406.73,552.08,592.23,896.76,950,1
248.41,271.65,401.71,455.44,505.87,950,1
423.65,544.88,548.81,602.76,715.19,1000,1
383.44,437.59,645.89,891.77,963.66,1000,1
71.04,528.89,568.04,791.73,925.6,1000,1
20.22,87.13,778.16,832.62,870.01,1000,1
118.27,461.48,780.53,799.16,978.62,1000,1
143.35,414.66,521.85,639.92,944.67,1000,1
18.79,264.56,456.15,568.43,774.23,1000,1
612.1,616.93,617.64,681.82,943.75,1000,1
60.23,359.51,437.03,666.77,697.63,1000,1
128.93,210.38,315.43,363.71,670.64,1000,1
102.04,208.88,438.6,570.2,988.37,1000,1
161.31,244.43,253.29,466.31,653.11,1000,1
110.38,138.18,158.97,196.58,656.33,1000,1
96.1,97.1,368.73,820.99,837.94,1000,1
468.65,604.85,739.26,976.46,976.76,1000,1
39.19,118.73,120.2,282.81,296.14,1000,1
64.15,317.98,414.26,566.6,692.47,1000,1
93.94,265.39,523.25,575.95,929.3,1000,1
131.8,289.41,318.57,667.41,716.33,1000,1
4.7,20.11,183.19,586.51,828.94,1000,1
248.75,270.01,677.82,735.19,962.19,1000,1
223.08,572.25,576.16,592.04,952.75,1000,1
297.44,447.13,699.48,813.8,846.41,1000,1
396.51,581.27,692.53,881.1,881.74,1000,1
423.86,501.32,643.99,725.25,956.08,1000,1
19.19,290.08,301.57,606.39,660.17,1000,1
135.47,298.28,428.77,569.96,618.02,1000,1
431.42,574.33,590.87,652.1,653.2,1000,1
367.56,435.86,806.19,891.92,896.55,1000,1
100.23,703.89,714.24,919.48,998.85,1000,1
123.82,149.45,162.49,615.56,868.13,1000,1
69.17,407.18,569.1,807.32,848.01,1000,1
453.54,697.43,722.06,866.38,975.52,1000,1
11.71,171.63,359.98,729.99,855.8,1000,1
18.52,54.34,200.0,521.04,793.7,1000,1
31.84,223.92,345.35,704.41,928.08,1000,1
164.69,237.89,577.23,621.48,934.21,1000,1
311.94,535.63,589.91,613.97,730.12,1000,1
186.19,209.84,398.22,739.55,944.37,1000,1
58.03,227.41,254.36,434.42,490.46,1000,1
24.68,179.6,311.8,377.75,696.34,1000,1
67.25,453.7,536.58,679.39,896.67,1000,1
20.65,216.9,263.32,663.08,990.34,1000,1
320.02,383.46,588.32,758.38,831.05,1000,1
185.64,273.54,628.98,798.05,872.65,1000,1
215.51,687.49,730.86,947.37,952.79,1000,1
25.66,207.47,213.31,253.94,518.2,1000,1
277.63,374.17,424.69,463.58,586.78,1000,1
117.53,132.07,517.38,716.86,863.86,1000,1
144.85,183.28,396.06,488.06,565.42,1000,1
355.61,748.66,765.33,903.72,940.43,1000,1
83.42,292.15,552.19,584.48,961.94,1000,1
16.43,100.29,240.83,669.92,929.53,1000,1
63.96,281.73,485.63,586.41,785.15,1000,1
231.7,338.16,876.51,961.57,977.5,1000,1
630.45,799.2,874.29,941.38,949.32,1000,1
13.24,293.02,347.23,617.88,848.94,1000,1
148.14,478.37,497.39,639.47,981.83,1000,1
136.9,189.85,368.58,511.32,822.12,1000,1
97.84,224.32,862.19,960.83,972.92,1000,1
81.1,333.15,407.24,774.05,906.56,1000,1
11.43,53.43,132.49,232.23,725.59,1000,1
79.52,89.6,146.95,672.05,770.58,1000,1
245.37,420.54,557.37,727.04,860.55,1000,1
55.37,131.48,262.12,270.33,301.6,1000,1
283.52,379.93,456.14,683.28,695.63,1000,1
56.85,181.15,697.0,778.7,788.55,1000,1
259.42,272.82,373.81,587.6,777.41,1000,1
44.61,197.05,370.85,459.86,799.8,1000,1
76.96,306.81,518.84,577.54,959.43,1000,1
35.36,430.4,510.02,536.18,645.57,1000,1
128.86,277.6,392.68,681.39,956.41,1000,1
187.13,456.91,543.81,882.04,903.98,1000,1
399.03,458.6,690.03,724.17,904.04,1000,1
240.02,327.72,636.06,699.62,756.78,1000,1
160.54,458.14,590.98,796.39,959.17,1000,1
457.22,575.75,820.77,857.72,951.87,1000,1
159.41,398.43,628.9,815.52,908.84,1000,1
33.3,62.71,258.68,424.03,849.04,1000,1
16.33,185.23,355.37,356.71,958.98,1000,1
99.61,401.26,869.49,929.29,945.3,1000,1
33.07,232.74,326.7,454.16,614.46,1000,1
15.61,68.07,221.16,251.94,428.8,1000,1
12.04,115.48,131.06,253.19,618.48,1000,1
162.95,409.05,638.76,974.26,990.35,1000,1
65.3,288.4,490.31,783.23,989.41,1000,1
241.42,246.06,517.31,662.5,665.86,1000,1
287.05,414.86,424.09,554.69,706.57,1000,1
46.01,232.63,360.55,828.66,924.97,1000,1
348.52,814.97,904.95,968.97,985.49,1000,1
105.91,249.42,296.56,950.95,992.01,1000,1
58.36,233.42,689.77,730.71,881.72,1000,1
237.81,272.44,374.3,379.06,748.79,1000,1
171.85,237.74,304.47,449.29,839.19,1000,1
502.39,634.0,867.29,940.21,942.58,1000,1
451.82,699.58,750.76,967.97,994.4,1000,1
70.87,131.29,152.35,292.79,417.49,1000,1
382.81,546.88,604.12,895.39,967.79,1000,1
274.82,406.73,552.08,592.23,896.76,1000,1
248.41,271.65,401.71,455.44,505.87,1000,1